ID;KreisPot;KreisVor;StadtPot;StadtVor;haPot;haVor
PR3_DIT_002;Dithmarschen;-;Lehe, Lunden, Schlichting, St. Annen;-;501,1;-
PR3_DIT_003;Dithmarschen;-;Kleve, Schlichting;-;380,1;-
PR3_DIT_005;Dithmarschen;-;Groven, Krempel, Rehm-Flehde-Bargen;-;135,8;-
PR3_DIT_006;Dithmarschen;-;Schlichting;-;78,5;-
PR3_DIT_007;Dithmarschen;Dithmarschen;Bergewöhrden, Delve, Hennstedt, Hollingstedt, Süderstapel;Hennstedt, Hollingstedt;716,9;115,1
PR3_DIT_008;Dithmarschen;Dithmarschen;Groven, Hemme;Groven, Hemme;98,2;98,2
PR3_DIT_009;Dithmarschen;Dithmarschen;Hemme, Karolinenkoog;Karolinenkoog;101,6;40,9
PR3_DIT_010;Dithmarschen;-;Tielenhemme;-;15,3;-
PR3_DIT_011;Dithmarschen;-;Pahlen;-;77,6;-
PR3_DIT_012;Dithmarschen;-;Tielenhemme;-;113,3;-
PR3_DIT_013;Dithmarschen;Dithmarschen;Hemme, Stelle-Wittenwurth;Hemme;111,9;92,3
PR3_DIT_015;Dithmarschen;Dithmarschen;Hemme, Karolinenkoog, Neuenkirchen,Strübbel;Hemme, Karolinenkoog, Strübbel;283,1;182,5
PR3_DIT_017;Dithmarschen;-;Dellstedt;-;56,4;-
PR3_DIT_018;Dithmarschen;Dithmarschen;Hemme, Neuenkirchen, Stelle-Wittenwurth,Strübbel;Hemme, Neuenkirchen, Stelle-Wittenwurth;288,2;248
PR3_DIT_019;Dithmarschen;-;Neuenkirchen;-;48,6;-
PR3_DIT_020;Dithmarschen;Dithmarschen;Norderheistedt, Ostrohe, Süderheistedt,Weddingstedt, Wiemerstedt;Norderheistedt, Süderheistedt,Wiemerstedt;372,8;87,9
PR3_DIT_021;Dithmarschen;Dithmarschen;Hemme, Stelle-Wittenwurth, Weddingstedt;Hemme, Stelle-Wittenwurth;166;86
PR3_DIT_023;Dithmarschen;Dithmarschen;Norddeich, Schülp, Wesselburenerkoog;Norddeich, Schülp,Wesselburenerkoog;135,7;133,5
PR3_DIT_025;Dithmarschen;Dithmarschen;Neuenkirchen, Oesterwurth, Schülp,Wesselburen;Neuenkirchen, Oesterwurth, Schülp,Wesselburen;386,2;246,2
PR3_DIT_028;Dithmarschen;Dithmarschen;Neuenkirchen;Neuenkirchen;189,8;87,8
PR3_DIT_031;Dithmarschen;Dithmarschen;Norddeich, Schülp;Norddeich, Schülp;141,8;141,8
PR3_DIT_032;Dithmarschen;-;Neuenkirchen, Oesterwurth;-;129,7;-
PR3_DIT_033;Dithmarschen;-;Süderdorf, Tellingstedt;-;21,1;-
PR3_DIT_038;Dithmarschen;-;Neuenkirchen, Norderwöhrden;-;60,1;-
PR3_DIT_039;Dithmarschen;Dithmarschen;Osterrade, Wrohm;Osterrade, Wrohm;159,3;141,4
PR3_DIT_040;Dithmarschen;Dithmarschen;Süderdorf, Tellingstedt;Süderdorf, Tellingstedt;107,4;102
PR3_DIT_041;Dithmarschen;-;Norderwöhrden, Oesterwurth;-;105,5;-
PR3_DIT_042;Dithmarschen;-;Norderwöhrden;-;35,4;-
PR3_DIT_043;Dithmarschen;Dithmarschen;Neuenkirchen, Norderwöhrden, Oesterwurth;Neuenkirchen, Norderwöhrden,Oesterwurth;342,3;342,3
PR3_DIT_044;Dithmarschen;Dithmarschen;Tellingstedt;Tellingstedt;59;25,2
PR3_DIT_045;Dithmarschen;Dithmarschen;Hedwigenkoog, Hellschen-Heringsand-Unterschaar;Hedwigenkoog, Hellschen-Heringsand-Unterschaar;158,4;158,4
PR3_DIT_046;Dithmarschen;Dithmarschen;Norderwöhrden, Oesterwurth,Wesselburener Deichhausen;Norderwöhrden, Oesterwurth,Wesselburener Deichhausen;128,3;128,3
PR3_DIT_047;Dithmarschen;Dithmarschen;Reinsbüttel, Süderdeich, WesselburenerDeichhausen;Reinsbüttel, Süderdeich,Wesselburener Deichhausen;121;121
PR3_DIT_049;Dithmarschen;Dithmarschen;Hedwigenkoog, Hellschen-Heringsand-Unterschaar, Reinsbüttel, Süderdeich;Hedwigenkoog, Hellschen-Heringsand-Unterschaar, Reinsbüttel, Süderdeich;221,2;221,2
PR3_DIT_051;Dithmarschen;Dithmarschen;Lohe-Rickelshof, Norderwöhrden, Wöhrden;Lohe-Rickelshof, Norderwöhrden,Wöhrden;90,9;90,9
PR3_DIT_055;Dithmarschen;-;Norderwöhrden, Wöhrden;-;40,1;-
PR3_DIT_058;Dithmarschen;Dithmarschen;Norderwöhrden, Wöhrden;Norderwöhrden, Wöhrden;210,8;210,8
PR3_DIT_059;Dithmarschen;Dithmarschen;Friedrichsgabekoog, Norderwöhrden,Wesselburener Deichhausen, Wöhrden;Norderwöhrden, WesselburenerDeichhausen, Wöhrden;127,5;104,1
PR3_DIT_063;Dithmarschen;Dithmarschen;Hemmingstedt, Lieth, Wöhrden;Hemmingstedt, Lieth, Wöhrden;175,7;175,7
PR3_DIT_066;Dithmarschen;Dithmarschen;Albersdorf, Arkebek, Tensbüttel-Röst;Albersdorf;186,5;56,1
PR3_DIT_067;Dithmarschen;Dithmarschen;Nordermeldorf, Wöhrden;Nordermeldorf;97;76,1
PR3_DIT_068;Dithmarschen;Dithmarschen;Epenwöhrden, Hemmingstedt,Nordermeldorf;Epenwöhrden, Nordermeldorf;43,2;39,4
PR3_DIT_069;Dithmarschen;-;Nordermeldorf;-;17,9;-
PR3_DIT_070;Dithmarschen;-;Epenwöhrden;-;35,7;-
PR3_DIT_071;Dithmarschen;Dithmarschen;Nordermeldorf;Nordermeldorf;73,1;47,5
PR3_DIT_073;Dithmarschen;Dithmarschen;Albersdorf, Schafstedt, Tensbüttel-Röst;Albersdorf, Schafstedt, Tensbüttel-Röst;145;100,5
PR3_DIT_081;Dithmarschen;-;Elpersbüttel;-;30,1;-
PR3_DIT_082;Dithmarschen;-;Eggstedt;-;14,2;-
PR3_DIT_083;Dithmarschen;Dithmarschen;Eggstedt, Süderhastedt;Eggstedt, Süderhastedt;228,3;164,5
PR3_DIT_084;Dithmarschen;-;Busenwurth, Elpersbüttel;-;257,3;-
PR3_DIT_089;Dithmarschen;Dithmarschen;Barlt, Busenwurth, Gudendorf;Barlt, Busenwurth, Gudendorf;138,7;98,4
PR3_DIT_091;Dithmarschen;Dithmarschen;Barlt, Trennewurth;Barlt, Trennewurth;98;72,3
PR3_DIT_095;Dithmarschen;Dithmarschen;Barlt, St. Michaelisdonn, Volsemenhusen;Barlt, St. Michaelisdonn,Volsemenhusen;514,8;459,6
PR3_DIT_096;Dithmarschen;Dithmarschen;Helse, Trennewurth;Helse, Trennewurth;97,2;97,2
PR3_DIT_097;Dithmarschen;Dithmarschen;Helse, Trennewurth, Volsemenhusen;Helse, Trennewurth, Volsemenhusen;142,4;142,4
PR3_DIT_100;Dithmarschen;Dithmarschen;Kronprinzenkoog;Kronprinzenkoog;76,6;76,6
PR3_DIT_102;Dithmarschen;Dithmarschen;Dingen, Eddelak, Volsemenhusen;Dingen, Volsemenhusen;193;191,2
PR3_DIT_103;Dithmarschen;Dithmarschen;Diekhusen-Fahrstedt, Marne, Volsemenhusen;Diekhusen-Fahrstedt, Marne,Volsemenhusen;45,3;36,9
PR3_DIT_104;Dithmarschen;Dithmarschen;Diekhusen-Fahrstedt, Schmedeswurth;Diekhusen-Fahrstedt, Schmedeswurth;107,6;93,2
PR3_DIT_105;Dithmarschen;-;Brunsbüttel;-;133;-
PR3_DIT_106;Dithmarschen;Dithmarschen;Brunsbüttel;Brunsbüttel;35,5;35,5
PR3_DIT_107;Dithmarschen;Dithmarschen;Brunsbüttel, Ramhusen;Brunsbüttel, Ramhusen;117,8;117,8
PR3_DIT_108;Dithmarschen;Dithmarschen;Brunsbüttel;Brunsbüttel;29,8;29,8
PR3_DIT_109;Dithmarschen;Dithmarschen;Diekhusen-Fahrstedt, Neufeld,Schmedeswurth;Diekhusen-Fahrstedt, Neufeld,Schmedeswurth;144,9;143,5
PR3_DIT_110;Dithmarschen;Dithmarschen;Brunsbüttel, Neufeld, Schmedeswurth;Brunsbüttel, Neufeld;330,3;322,6
PR3_DIT_111;Dithmarschen;-;Brunsbüttel;-;34,1;-
PR3_DIT_112;Dithmarschen;-;Brunsbüttel;-;61,3;-
PR3_DIT_134;Dithmarschen;-;Bergewöhrden, Hennstedt, Süderstapel;-;185,8;-
PR3_DIT_301;Dithmarschen;-;Lehe;-;139,8;-
PR3_DIT_302;Dithmarschen;-;Lehe, St. Annen;-;63;-
PR3_DIT_303;Dithmarschen;-;Fedderingen;-;52,1;-
PR3_DIT_304;Dithmarschen;-;Fedderingen, Stelle-Wittenwurth,Weddingstedt, Wiemerstedt;-;255,2;-
PR3_DIT_305;Dithmarschen;-;Dellstedt, Tielenhemme;-;20,7;-
PR3_DIT_307;Dithmarschen;-;Heide;-;36,8;-
PR3_DIT_309;Dithmarschen;-;Bargenstedt, Epenwöhrden, Hemmingstedt,Meldorf, Nindorf, Sarzbüttel;-;974,5;-
PR3_DIT_310;Dithmarschen;-;Nordhastedt, Odderade, Sarzbüttel;-;306,6;-
PR3_DIT_312;Dithmarschen;-;Elpersbüttel, Krumstedt, Nindorf,Windbergen, Wolmersdorf;-;403,1;-
PR3_DIT_314;Dithmarschen;-;Frestedt, Krumstedt, Süderhastedt;-;201,7;-
PR3_DIT_317;Dithmarschen;-;Kaiser-Wilhelm-Koog;-;18;-
PR3_DIT_401;Dithmarschen;-;Lehe;-;86,4;-
PR3_DIT_402;Dithmarschen;-;Groven;-;29;-
PR3_DIT_403;Dithmarschen;-;Delve, Glüsing, Pahlen, Schalkholz, Wallen;-;204,7;-
PR3_DIT_405;Dithmarschen;-;Süderdorf;-;23,1;-
PR3_DIT_406;Dithmarschen;-;Bunsoh, Offenbüttel;-;24,5;-
PR3_DIT_407;Dithmarschen;-;Norderwöhrden;-;30,7;-
PR3_DIT_408;Dithmarschen;-;Lohe-Rickelshof;-;17,4;-
PR3_DIT_409;Dithmarschen;Dithmarschen;Krumstedt, Tensbüttel-Röst;Krumstedt, Tensbüttel-Röst;29,2;28,9
PR3_DIT_410;Dithmarschen;-;Krumstedt, Schafstedt;-;32,6;-
PR3_DIT_411;Dithmarschen;-;Süderhastedt;-;19,6;-
PR3_DIT_412;Dithmarschen;-;Eggstedt, Holstenniendorf, Schafstedt;-;105,8;-
PR3_DIT_413;Dithmarschen;-;Averlak, Buchholz, Burg (Dithmarschen),Kuden;-;203,3;-
PR3_DIT_414;Dithmarschen;-;Buchholz, Kuden;-;58,6;-
PR3_DIT_415;Dithmarschen;-;Averlak;-;32,3;-
PR3_DIT_416;Dithmarschen;-;Volsemenhusen;-;26,5;-
PR3_DIT_417;Dithmarschen;-;Schmedeswurth;-;23,3;-
PR3_DIT_418;Dithmarschen;Dithmarschen;Friedrichskoog;Friedrichskoog;27,4;27,4
PR3_DIT_419;Dithmarschen;Dithmarschen;Kronprinzenkoog;Kronprinzenkoog;15;15
PR3_DIT_501;Dithmarschen;-;Karolinenkoog;-;25;-
PR3_DIT_094;Dithmarschen;Dithmarschen;Friedrichskoog, Kronprinzenkoog;Friedrichskoog, Kronprinzenkoog;328,2;317,4
PR3_DIT_099;Dithmarschen;Dithmarschen;Friedrichskoog, Kronprinzenkoog;Friedrichskoog, Kronprinzenkoog;72,9;72,9
PR3_DIT_101;Dithmarschen;Dithmarschen;Friedrichskoog, Kaiser?Wilhelm?Koog;Friedrichskoog, Kaiser?Wilhelm?Koog;48,5;48,5
PR3_LAU_001;Herzogtum Lauenburg;Herzogtum Lauenburg;Bliestorf, Kastorf, Siebenbäumen;Bliestorf, Kastorf, Siebenbäumen;229,9;86,4
PR3_LAU_002;Herzogtum Lauenburg;-;Rondeshagen;-;28,1;-
PR3_LAU_003;Herzogtum Lauenburg;-;Berkenthin;-;72,2;-
PR3_LAU_005;Herzogtum Lauenburg;-;Groß Boden, Schürensöhlen, Steinhorst;-;188,7;-
PR3_LAU_006;Herzogtum Lauenburg;Herzogtum Lauenburg;Lasbek, Stubben;Lasbek;131,8;106,2
PR3_LAU_009;Herzogtum Lauenburg;-;Buchholz, Einhaus;-;23,5;-
PR3_LAU_011;Herzogtum Lauenburg;-;Düchelsdorf, Göldenitz, Klinkrade, Niendorfbei Berkenthin, Sierksrade;-;156,8;-
PR3_LAU_012;Herzogtum Lauenburg;-;Behlendorf;-;24,6;-
PR3_LAU_013;Herzogtum Lauenburg;-;Kulpin;-;42,6;-
PR3_LAU_014;Herzogtum Lauenburg;-;Schiphorst, Stubben;-;76,8;-
PR3_LAU_015;Herzogtum Lauenburg;-;Sandesneben, Schiphorst, Steinhorst;-;114,7;-
PR3_LAU_017;Herzogtum Lauenburg;-;Behlendorf;-;31,8;-
PR3_LAU_018;Herzogtum Lauenburg;-;Duvensee, Kühsen, Niendorf bei Berkenthin;-;62,6;-
PR3_LAU_019;Herzogtum Lauenburg;-;Behlendorf;-;40,4;-
PR3_LAU_020;Herzogtum Lauenburg;-;Fredeburg, Giesensdorf, Ratzeburg;-;22,8;-
PR3_LAU_021;Herzogtum Lauenburg;-;Behlendorf, Lankau;-;55,7;-
PR3_LAU_022;Herzogtum Lauenburg;-;Lüchow, Sirksfelde;-;74,6;-
PR3_LAU_023;Herzogtum Lauenburg;-;Schmilau;-;95;-
PR3_LAU_024;Herzogtum Lauenburg;-;Wentorf (Amt Sandesneben);-;22,1;-
PR3_LAU_025;Herzogtum Lauenburg;-;Kühsen, Nusse;-;54;-
PR3_LAU_026;Herzogtum Lauenburg;-;Schmilau;-;89,2;-
PR3_LAU_027;Herzogtum Lauenburg;-;Lankau;-;82,3;-
PR3_LAU_028;Herzogtum Lauenburg;-;Koberg, Ritzerau;-;45,7;-
PR3_LAU_029;Herzogtum Lauenburg;-;Horst, Sterley;-;121,5;-
PR3_LAU_030;Herzogtum Lauenburg;-;Sterley;-;15,4;-
PR3_LAU_031;Herzogtum Lauenburg;-;Koberg, Linau;-;149,8;-
PR3_LAU_032;Herzogtum Lauenburg;-;Horst, Sterley;-;43,4;-
PR3_LAU_033;Herzogtum Lauenburg;Herzogtum Lauenburg;Alt Mölln, Bälau, Panten, Poggensee;Bälau, Panten, Poggensee;382,9;186,5
PR3_LAU_034;Herzogtum Lauenburg;-;Horst, Sterley;-;105,5;-
PR3_LAU_035;Herzogtum Lauenburg;-;Walksfelde;-;25,7;-
PR3_LAU_036;Herzogtum Lauenburg;-;Seedorf;-;58,7;-
PR3_LAU_037;Herzogtum Lauenburg;-;Sterley;-;30,6;-
PR3_LAU_038;Herzogtum Lauenburg;-;Bälau, Borstorf, Breitenfelde,Niendorf/Stecknitz;-;124,2;-
PR3_LAU_039;Herzogtum Lauenburg;-;Hollenbek, Seedorf;-;39,3;-
PR3_LAU_041;Herzogtum Lauenburg;Herzogtum Lauenburg;Breitenfelde;Breitenfelde;82,7;31,8
PR3_LAU_042;Herzogtum Lauenburg;Herzogtum Lauenburg;Breitenfelde, Woltersdorf;Breitenfelde, Woltersdorf;155,8;75,4
PR3_LAU_043;Herzogtum Lauenburg;-;Gudow, Lehmrade;-;93,7;-
PR3_LAU_044;Herzogtum Lauenburg;-;Klein Zecher;-;48,6;-
PR3_LAU_045;Herzogtum Lauenburg;-;Gudow, Hollenbek;-;283,2;-
PR3_LAU_046;Herzogtum Lauenburg;-;Besenthal, Gudow;-;95,7;-
PR3_LAU_047;Herzogtum Lauenburg;-;Besenthal, Göttin;-;123,5;-
PR3_LAU_048;Herzogtum Lauenburg;-;Elmenhorst, Groß Pampau, Kankelau, Sahms;-;92,4;-
PR3_LAU_049;Herzogtum Lauenburg;-;Roseburg;-;40,1;-
PR3_LAU_050;Herzogtum Lauenburg;-;Roseburg;-;34,7;-
PR3_LAU_052;Herzogtum Lauenburg;-;Klein Pampau, Siebeneichen;-;38,3;-
PR3_LAU_053;Herzogtum Lauenburg;-;Fitzen;-;18,8;-
PR3_LAU_054;Herzogtum Lauenburg;-;Brunstorf, Dassendorf;-;114;-
PR3_LAU_055;Herzogtum Lauenburg;-;Brunstorf, Dassendorf, Worth;-;96,2;-
PR3_LAU_056;Herzogtum Lauenburg;-;Büchen, Schulendorf;-;30,7;-
PR3_LAU_057;Herzogtum Lauenburg;-;Bröthen;-;54,1;-
PR3_LAU_058;Herzogtum Lauenburg;-;Hohenhorn;-;17;-
PR3_LAU_059;Herzogtum Lauenburg;-;Schulendorf;-;96,1;-
PR3_LAU_060;Herzogtum Lauenburg;-;Schulendorf;-;25,9;-
PR3_LAU_061;Herzogtum Lauenburg;-;Witzeeze;-;23,3;-
PR3_LAU_062;Herzogtum Lauenburg;Herzogtum Lauenburg;Hamwarde, Kollow, Wiershop;Hamwarde;73,6;19,1
PR3_LAU_063;Herzogtum Lauenburg;Herzogtum Lauenburg;Basedow, Dalldorf, Lütau, Wangelau,Witzeeze;Wangelau, Witzeeze;484,2;99,7
PR3_LAU_064;Herzogtum Lauenburg;-;Gülzow, Kollow, Wiershop;-;150,3;-
PR3_LAU_065;Herzogtum Lauenburg;-;Gülzow, Lütau, Wangelau;-;115,5;-
PR3_LAU_066;Herzogtum Lauenburg;-;Juliusburg;-;57,2;-
PR3_LAU_067;Herzogtum Lauenburg;Herzogtum Lauenburg;Basedow, Juliusburg, Krüzen, Lütau;Basedow, Lütau;222,7;200,9
PR3_LAU_068;Herzogtum Lauenburg;-;Juliusburg, Krukow, Schnakenbek;-;200,7;-
PR3_LAU_069;Herzogtum Lauenburg;-;Krüzen;-;45,5;-
PR3_LAU_070;Herzogtum Lauenburg;-;Buchhorst, Lanze;-;67,3;-
PR3_LAU_071;Herzogtum Lauenburg;-;Schnakenbek;-;26,4;-
PR3_LAU_301;Herzogtum Lauenburg;-;Groß Sarau, Klempau;-;73,2;-
PR3_LAU_302;Herzogtum Lauenburg;-;Groß Sarau, Klempau, Pogeez;-;98,1;-
PR3_LAU_303;Herzogtum Lauenburg;-;Schönberg;-;22,1;-
PR3_LAU_304;Herzogtum Lauenburg;-;Schönberg;-;22,6;-
PR3_LAU_305;Herzogtum Lauenburg;-;Linau;-;21,5;-
PR3_LAU_306;Herzogtum Lauenburg;-;Fuhlenhagen, Talkau;-;24,2;-
PR3_LAU_307;Herzogtum Lauenburg;-;Fuhlenhagen, Schretstaken;-;31,1;-
PR3_LAU_308;Herzogtum Lauenburg;-;Basthorst, Hamfelde, Mühlenrade;-;28,9;-
PR3_LAU_309;Herzogtum Lauenburg;-;Kasseburg, Kuddewörde;-;98,3;-
PR3_LAU_310;Herzogtum Lauenburg;-;Basthorst, Kasseburg, Kuddewörde, Möhnsen;-;51,9;-
PR3_LAU_311;Herzogtum Lauenburg;-;Basthorst, Havekost, Möhnsen;-;95,8;-
PR3_LAU_312;Herzogtum Lauenburg;-;Kasseburg, Möhnsen;-;30,9;-
PR3_LAU_313;Herzogtum Lauenburg;-;Grove, Havekost;-;24,4;-
PR3_LAU_314;Herzogtum Lauenburg;-;Sahms;-;19,2;-
PR3_LAU_315;Herzogtum Lauenburg;-;Müssen;-;72,4;-
PR3_LAU_316;Herzogtum Lauenburg;-;Müssen;-;35,1;-
PR3_LAU_317;Herzogtum Lauenburg;-;Gülzow, Müssen;-;39,8;-
PR3_LAU_318;Herzogtum Lauenburg;-;Brunstorf;-;65,1;-
PR3_LAU_319;Herzogtum Lauenburg;-;Kollow;-;26,2;-
PR3_LAU_320;Herzogtum Lauenburg;-;Worth;-;43,6;-
PR3_LAU_402;Herzogtum Lauenburg;-;Groß Schenkenberg;-;19,4;-
PR3_LAU_403;Herzogtum Lauenburg;-;Geesthacht, Wiershop;-;27,9;-
PR3_LAU_404;Herzogtum Lauenburg;-;Krummesse, Lübeck, Hansestadt;-;67;-
PR3_LAU_501;Herzogtum Lauenburg;-;Krüzen;-;18,8;-
PR1_NFL_002;Nordfriesland;Nordfriesland;Ellhöft, Süderlügum;Ellhöft, Süderlügum;219,3;171,4
PR1_NFL_003;Nordfriesland;Nordfriesland;Ellhöft, Westre;Ellhöft, Westre;238,9;186,5
PR1_NFL_006;Nordfriesland;Nordfriesland;Ellhöft, Süderlügum;Süderlügum;49,2;31
PR1_NFL_009;Nordfriesland;Nordfriesland;Friedrich-Wilhelm-Lübke-Koog, Klanxbüll;Friedrich-Wilhelm-Lübke-Koog,Klanxbüll;41,2;41,2
PR1_NFL_014;Nordfriesland;Nordfriesland;Friedrich-Wilhelm-Lübke-Koog, Klanxbüll;Friedrich-Wilhelm-Lübke-Koog,Klanxbüll;42,3;42,3
PR1_NFL_017;Nordfriesland;-;Karlum, Lexgaard, Westre;-;52,5;-
PR1_NFL_018;Nordfriesland;Nordfriesland;Emmelsbüll-Horsbüll;Emmelsbüll-Horsbüll;18,8;15,2
PR1_NFL_019;Nordfriesland;Nordfriesland;Karlum;Karlum;40,2;34,7
PR1_NFL_022;Nordfriesland;-;Karlum, Lexgaard;-;19,4;-
PR1_NFL_024;Nordfriesland;-;Emmelsbüll-Horsbüll;-;36,6;-
PR1_NFL_025;Nordfriesland;Nordfriesland;Lexgaard, Tinningstedt;Lexgaard, Tinningstedt;33,7;33,7
PR1_NFL_026;Nordfriesland;Nordfriesland;Braderup, Klixbüll, Lexgaard, Tinningstedt;Braderup, Klixbüll, Lexgaard,Tinningstedt;170,8;149,1
PR1_NFL_028;Nordfriesland;Nordfriesland;Emmelsbüll-Horsbüll, Niebüll;Emmelsbüll-Horsbüll, Niebüll;147,2;144,2
PR1_NFL_029;Nordfriesland;Nordfriesland;Achtrup, Karlum, Ladelund;Achtrup, Karlum;125,2;64,1
PR1_NFL_031;Nordfriesland;Nordfriesland;Bosbüll, Klixbüll;Bosbüll, Klixbüll;177,1;33,8
PR1_NFL_032;Nordfriesland;Nordfriesland;Niebüll;Niebüll;69,6;54
PR1_NFL_033;Nordfriesland;-;Achtrup;-;31,7;-
PR1_NFL_035;Nordfriesland;Nordfriesland;Galmsbüll;Galmsbüll;305,2;171,8
PR1_NFL_036;Nordfriesland;Nordfriesland;Achtrup;Achtrup;48,8;48,8
PR1_NFL_037;Nordfriesland;-;Galmsbüll;-;29,9;-
PR1_NFL_038;Nordfriesland;Nordfriesland;Achtrup, Holt, Schafflund, Sprakebüll;Achtrup, Holt, Schafflund, Sprakebüll;752,2;514,3
PR1_NFL_039;Nordfriesland;Nordfriesland;Galmsbüll;Galmsbüll;172;116
PR1_NFL_040;Nordfriesland;Nordfriesland;Klixbüll, Leck;Klixbüll, Leck;45,5;32,6
PR1_NFL_043;Nordfriesland;Nordfriesland;Klixbüll, Risum-Lindholm;Klixbüll, Risum-Lindholm;310,6;303,4
PR1_NFL_044;Nordfriesland;-;Leck, Sprakebüll, Stadum;-;92,9;-
PR1_NFL_045;Nordfriesland;Nordfriesland;Galmsbüll;Galmsbüll;71,9;28,5
PR1_NFL_046;Nordfriesland;Nordfriesland;Leck;Leck;127,9;97,7
PR1_NFL_047;Nordfriesland;Nordfriesland;Dagebüll, Galmsbüll;Galmsbüll;215,4;29,7
PR1_NFL_048;Nordfriesland;Nordfriesland;Sprakebüll;Sprakebüll;50,2;50,2
PR1_NFL_049;Nordfriesland;Nordfriesland;Risum-Lindholm, Stedesand;Stedesand;41,4;20,4
PR1_NFL_050;Nordfriesland;-;Sprakebüll, Stadum;-;62,5;-
PR1_NFL_051;Nordfriesland;-;Galmsbüll;-;45,8;-
PR1_NFL_052;Nordfriesland;-;Galmsbüll;-;122,5;-
PR1_NFL_053;Nordfriesland;-;Risum-Lindholm;-;60,1;-
PR1_NFL_054;Nordfriesland;-;Hörup, Stadum;-;49,1;-
PR1_NFL_056;Nordfriesland;Nordfriesland;Dagebüll, Risum-Lindholm;Dagebüll, Risum-Lindholm;99,4;99,4
PR1_NFL_057;Nordfriesland;Nordfriesland;Dagebüll, Galmsbüll, Risum-Lindholm;Risum-Lindholm;90,2;64,8
PR1_NFL_060;Nordfriesland;Nordfriesland;Enge-Sande, Stadum;Enge-Sande, Stadum;85,5;81,7
PR1_NFL_062;Nordfriesland;Nordfriesland;Enge-Sande;Enge-Sande;40,7;40,7
PR1_NFL_067;Nordfriesland;-;Goldelund, Lindewitt;-;35,5;-
PR1_NFL_069;Nordfriesland;Nordfriesland;Goldebek, Goldelund, Lindewitt;Goldebek, Goldelund, Lindewitt;202,9;95
PR1_NFL_071;Nordfriesland;-;Goldelund, Lütjenholm;-;50,8;-
PR1_NFL_072;Nordfriesland;Nordfriesland;Goldebek, Lindewitt;Goldebek, Lindewitt;391,6;293
PR1_NFL_073;Nordfriesland;Nordfriesland;Langenhorn;Langenhorn;132,1;132,1
PR1_NFL_074;Nordfriesland;Nordfriesland;Högel, Lütjenholm;Lütjenholm;61,9;41,1
PR1_NFL_075;Nordfriesland;-;Bordelum;-;59,6;-
PR1_NFL_076;Nordfriesland;-;Langenhorn;-;34,2;-
PR1_NFL_077;Nordfriesland;-;Goldebek, Joldelund;-;16,4;-
PR1_NFL_079;Nordfriesland;-;Högel;-;34,8;-
PR1_NFL_080;Nordfriesland;Nordfriesland;Bordelum, Langenhorn;Bordelum, Langenhorn;263,1;263,1
PR1_NFL_081;Nordfriesland;-;Goldebek, Goldelund, Joldelund;-;144,6;-
PR1_NFL_082;Nordfriesland;Nordfriesland;Joldelund, Löwenstedt;Joldelund, Löwenstedt;210,3;155,7
PR1_NFL_084;Nordfriesland;Nordfriesland;Ockholm, Reußenköge;Reußenköge;88,8;16,6
PR1_NFL_085;Nordfriesland;Nordfriesland;Janneby, Jörl, Lindewitt, Löwenstedt;Jörl, Lindewitt, Löwenstedt;540,9;287,5
PR1_NFL_086;Nordfriesland;Nordfriesland;Bordelum, Högel, Sönnebüll, Vollstedt;Bordelum, Högel, Sönnebüll, Vollstedt;132;132
PR1_NFL_087;Nordfriesland;Nordfriesland;Bordelum, Langenhorn, Reußenköge;Bordelum, Langenhorn, Reußenköge;517,8;517,8
PR1_NFL_089;Nordfriesland;Nordfriesland;Högel, Vollstedt;Högel, Vollstedt;144;110,5
PR1_NFL_090;Nordfriesland;Nordfriesland;Drelsdorf, Högel, Joldelund, Kolkerheide,Löwenstedt, Vollstedt;Drelsdorf, Högel, Joldelund, Vollstedt;477,1;197,8
PR1_NFL_091;Nordfriesland;Nordfriesland;Breklum, Sönnebüll;Breklum, Sönnebüll;18,3;18,3
PR1_NFL_093;Nordfriesland;-;Drelsdorf, Joldelund, Kolkerheide, Norstedt;-;71,7;-
PR1_NFL_094;Nordfriesland;Nordfriesland;Bordelum, Reußenköge;Reußenköge;400,4;303,4
PR1_NFL_095;Nordfriesland;Nordfriesland;Reußenköge;Reußenköge;133,5;120,7
PR1_NFL_096;Nordfriesland;Nordfriesland;Haselund, Löwenstedt, Norstedt, Viöl;Haselund, Löwenstedt, Norstedt, Viöl;510,9;362,7
PR1_NFL_097;Nordfriesland;Nordfriesland;Almdorf, Struckum;Almdorf, Struckum;16;16
PR1_NFL_098;Nordfriesland;-;Drelsdorf;-;23,1;-
PR1_NFL_099;Nordfriesland;-;Behrendorf, Haselund, Sollwitt, Viöl;-;92;-
PR1_NFL_100;Nordfriesland;Nordfriesland;Bredstedt, Breklum, Reußenköge, Struckum;Breklum, Reußenköge, Struckum;349,1;280,8
PR1_NFL_101;Nordfriesland;Nordfriesland;Bohmstedt;Bohmstedt;15,2;15,2
PR1_NFL_102;Nordfriesland;Nordfriesland;Behrendorf, Bondelum, Sollwitt,Süderhackstedt;Behrendorf, Sollwitt, Süderhackstedt;261,7;98,8
PR1_NFL_103;Nordfriesland;Nordfriesland;Reußenköge;Reußenköge;115,1;115,1
PR1_NFL_104;Nordfriesland;Nordfriesland;Behrendorf;Behrendorf;92,1;87,3
PR1_NFL_107;Nordfriesland;Nordfriesland;Bondelum, Sollerup, Treia;Bondelum, Sollerup;80;41,7
PR1_NFL_110;Nordfriesland;-;Ahrenviölfeld, Bondelum;-;63,8;-
PR1_NFL_111;Nordfriesland;Nordfriesland;Ahrenviölfeld, Bondelum, Treia;Ahrenviölfeld, Bondelum, Treia;133,5;124,2
PR1_NFL_112;Nordfriesland;Nordfriesland;Ahrenviöl, Ahrenviölfeld;Ahrenviöl, Ahrenviölfeld;90;78
PR1_NFL_113;Nordfriesland;Nordfriesland;Arlewatt, Horstedt, Olderup, Schwesing;Arlewatt, Horstedt, Olderup,Schwesing;116,4;82,8
PR1_NFL_115;Nordfriesland;Nordfriesland;Oster-Ohrstedt;Oster-Ohrstedt;64;64
PR1_NFL_118;Nordfriesland;Nordfriesland;Wittbek;Wittbek;72,5;72,5
PR1_NFL_120;Nordfriesland;Nordfriesland;Wittbek;Wittbek;46,3;35,5
PR1_NFL_121;Nordfriesland;-;Mildstedt, Schwesing;-;15,2;-
PR1_NFL_122;Nordfriesland;Nordfriesland;Rantrum, Schwesing, Wester-Ohrstedt,Wittbek;Rantrum, Wittbek;177,6;74
PR1_NFL_123;Nordfriesland;-;Ostenfeld (Husum), Wittbek;-;28,4;-
PR1_NFL_124;Nordfriesland;-;Wittbek;-;23,7;-
PR1_NFL_125;Nordfriesland;Nordfriesland;Oldersbek, Ostenfeld (Husum), Rantrum,Winnert;Oldersbek, Ostenfeld (Husum),Rantrum, Winnert;444,1;257,5
PR1_NFL_135;Nordfriesland;Nordfriesland;Schwesing, Wester-Ohrstedt;Schwesing, Wester-Ohrstedt;106,1;86,2
PR1_NFL_301;Nordfriesland;Nordfriesland;Dagebüll;Dagebüll;116;115,5
PR1_NFL_302;Nordfriesland;Nordfriesland;Simonsberg, Südermarsch;Südermarsch;185;127,6
PR1_NFL_303;Nordfriesland;Nordfriesland;Simonsberg;Simonsberg;18,9;18,9
PR1_NFL_304;Nordfriesland;-;Simonsberg, Witzwort;-;86;-
PR1_NFL_305;Nordfriesland;-;Koldenbüttel, Witzwort;-;50,5;-
PR1_NFL_306;Nordfriesland;-;Witzwort;-;41,7;-
PR1_NFL_307;Nordfriesland;-;Witzwort;-;46,5;-
PR1_NFL_308;Nordfriesland;Nordfriesland;Uelvesbüll;Uelvesbüll;97,1;84,4
PR1_NFL_309;Nordfriesland;Nordfriesland;Oldenswort, Witzwort;Oldenswort;294,2;106,9
PR1_NFL_310;Nordfriesland;-;Oldenswort, Witzwort;-;151,2;-
PR1_NFL_311;Nordfriesland;-;Oldenswort, Tönning;-;84;-
PR1_NFL_313;Nordfriesland;-;Kotzenbüll, Oldenswort, Tönning;-;214,3;-
PR1_NFL_315;Nordfriesland;-;Oldenswort;-;41,2;-
PR1_NFL_316;Nordfriesland;-;Oldenswort;-;44,6;-
PR1_NFL_317;Nordfriesland;-;Oldenswort, Tetenbüll;-;112,7;-
PR1_NFL_318;Nordfriesland;-;Tetenbüll;-;53,1;-
PR1_NFL_319;Nordfriesland;-;Tating;-;99,5;-
PR1_NFL_401;Nordfriesland;-;Sylt;-;33,7;-
PR1_NFL_402;Nordfriesland;-;Sylt;-;77,6;-
PR1_NFL_403;Nordfriesland;-;Alkersum, Borgsum, Midlum, Nieblum,Oevenum, Oldsum, Süderende, Wrixum;-;669,4;-
PR1_NFL_404;Nordfriesland;-;Oevenum;-;25;-
PR1_NFL_405;Nordfriesland;-;Süderlügum;-;28,1;-
PR1_NFL_406;Nordfriesland;Nordfriesland;Bramstedtlund, Ladelund, Weesby;Bramstedtlund, Weesby;257,2;58,5
PR1_NFL_407;Nordfriesland;-;Bramstedtlund, Ladelund;-;52,4;-
PR1_NFL_409;Nordfriesland;-;Galmsbüll, Risum-Lindholm;-;89,5;-
PR1_NFL_410;Nordfriesland;-;Treia;-;15,2;-
PR1_NFL_411;Nordfriesland;-;Goldelund;-;21;-
PR1_NFL_412;Nordfriesland;-;Immenstedt;-;19;-
PR1_NFL_413;Nordfriesland;-;Ahrenshöft, Viöl;-;39,5;-
PR1_NFL_414;Nordfriesland;Nordfriesland;Elisabeth-Sophien-Koog, Nordstrand;Elisabeth-Sophien-Koog, Nordstrand;50,6;41,4
PR1_NFL_415;Nordfriesland;-;Koldenbüttel, Witzwort;-;31,7;-
PR1_NFL_416;Nordfriesland;-;Witzwort;-;21,4;-
PR1_NFL_417;Nordfriesland;-;Oldenswort;-;22,4;-
PR1_NFL_418;Nordfriesland;-;Kotzenbüll, Tönning;-;39;-
PR1_NFL_419;Nordfriesland;-;Garding, Kirchspiel, Katharinenheerd,Tönning, Welt;-;216,7;-
PR1_NFL_420;Nordfriesland;-;Tönning;-;61,6;-
PR1_NFL_421;Nordfriesland;-;Tönning;-;152,1;-
PR1_NFL_425;Nordfriesland;Nordfriesland;Bramstedtlund, Holt, Ladelund;Bramstedtlund, Holt, Ladelund;372,3;187,3
PR1_NFL_426;Nordfriesland;-;Ahrenshöft;-;21,6;-
PR1_NFL_427;Nordfriesland;Nordfriesland;Karlum, Ladelund;Karlum, Ladelund;72,5;55,9
PR1_NFL_501;Nordfriesland;-;Ahrenviöl, Immenstedt;-;84;-
PR1_NFL_502;Nordfriesland;-;Ladelund;-;31,2;-
PR1_NFL_503;Nordfriesland;-;Ladelund;-;41,3;-
PR1_NFL_504;Nordfriesland;Nordfriesland;Olderup;Olderup;16;16
PR3_OHS_001;Ostholstein;Ostholstein;Fehmarn;Fehmarn;601,1;360,5
PR3_OHS_002;Ostholstein;-;Fehmarn;-;20,5;-
PR3_OHS_003;Ostholstein;-;Fehmarn;-;219;-
PR3_OHS_005;Ostholstein;Ostholstein;Fehmarn;Fehmarn;203,2;98,1
PR3_OHS_007;Ostholstein;-;Fehmarn;-;144,6;-
PR3_OHS_008;Ostholstein;-;Fehmarn;-;141,9;-
PR3_OHS_010;Ostholstein;Ostholstein;Gremersdorf, Heiligenhafen;Heiligenhafen;93,3;19,9
PR3_OHS_011;Ostholstein;-;Gremersdorf, Großenbrode, Heiligenhafen;-;45;-
PR3_OHS_012;Ostholstein;Ostholstein;Gremersdorf, Großenbrode, Neukirchen;Gremersdorf, Großenbrode,Neukirchen;218,2;181,7
PR3_OHS_013;Ostholstein;-;Neukirchen;-;15,9;-
PR3_OHS_014;Ostholstein;-;Gremersdorf;-;68,2;-
PR3_OHS_015;Ostholstein;Ostholstein;Gremersdorf;Gremersdorf;84,7;34,7
PR3_OHS_017;Ostholstein;-;Gremersdorf;-;23,1;-
PR3_OHS_018;Ostholstein;-;Neukirchen;-;79,9;-
PR3_OHS_019;Ostholstein;-;Heringsdorf, Neukirchen;-;22,6;-
PR3_OHS_020;Ostholstein;-;Oldenburg in Holstein;-;42;-
PR3_OHS_021;Ostholstein;Ostholstein;Göhl, Gremersdorf, Heringsdorf;Göhl, Gremersdorf;167,7;61,8
PR3_OHS_022;Ostholstein;Ostholstein;Heringsdorf, Neukirchen;Heringsdorf, Neukirchen;114,6;44,6
PR3_OHS_023;Ostholstein;-;Wangels;-;24,8;-
PR3_OHS_024;Ostholstein;-;Wangels;-;67,7;-
PR3_OHS_025;Ostholstein;Ostholstein;Wangels;Wangels;96,7;96,7
PR3_OHS_026;Ostholstein;-;Oldenburg in Holstein, Wangels;-;54;-
PR3_OHS_027;Ostholstein;Ostholstein;Wangels;Wangels;22,3;22,3
PR3_OHS_028;Ostholstein;Ostholstein;Göhl, Heringsdorf;Göhl, Heringsdorf;384,2;306,5
PR3_OHS_029;Ostholstein;Ostholstein;Wangels;Wangels;71,7;36,9
PR3_OHS_030;Ostholstein;-;Wangels;-;47,6;-
PR3_OHS_033;Ostholstein;Ostholstein;Harmsdorf, Lensahn, Oldenburg in Holstein;Harmsdorf, Lensahn;180,8;78,5
PR3_OHS_035;Ostholstein;Ostholstein;Damlos;Damlos;22,6;22,6
PR3_OHS_037;Ostholstein;Ostholstein;Grömitz, Kabelhorst, Riepsdorf;Grömitz, Kabelhorst, Riepsdorf;153;121,5
PR3_OHS_040;Ostholstein;Ostholstein;Grömitz, Riepsdorf;Grömitz, Riepsdorf;108,4;95
PR3_OHS_041;Ostholstein;Ostholstein;Grömitz, Riepsdorf;Grömitz, Riepsdorf;85,8;34,8
PR3_OHS_044;Ostholstein;-;Beschendorf;-;16;-
PR3_OHS_045;Ostholstein;-;Lensahn;-;58;-
PR3_OHS_047;Ostholstein;Ostholstein;Schönwalde am Bungsberg;Schönwalde am Bungsberg;57,2;57,2
PR3_OHS_048;Ostholstein;-;Beschendorf, Grömitz, Manhagen,Schashagen;-;98,5;-
PR3_OHS_049;Ostholstein;Ostholstein;Altenkrempe, Schönwalde am Bungsberg;Altenkrempe, Schönwalde amBungsberg;41,8;34,9
PR3_OHS_050;Ostholstein;Ostholstein;Grömitz, Schashagen;Schashagen;142,4;97,9
PR3_OHS_051;Ostholstein;-;Altenkrempe;-;48,1;-
PR3_OHS_052;Ostholstein;Ostholstein;Grömitz, Schashagen;Grömitz, Schashagen;178;161,3
PR3_OHS_053;Ostholstein;-;Altenkrempe;-;25,5;-
PR3_OHS_054;Ostholstein;-;Süsel;-;50,4;-
PR3_OHS_055;Ostholstein;-;Süsel;-;49;-
PR3_OHS_056;Ostholstein;-;Bosau;-;86,3;-
PR3_OHS_057;Ostholstein;Ostholstein;Bosau;Bosau;252,2;43,3
PR3_OHS_059;Ostholstein;Ostholstein;Ahrensbök, Bosau, Glasau, Süsel;Ahrensbök, Bosau, Glasau;410,2;99,4
PR3_OHS_060;Ostholstein;-;Bosau, Glasau;-;273,7;-
PR3_OHS_061;Ostholstein;-;Bosau;-;106,1;-
PR3_OHS_062;Ostholstein;Ostholstein;Scharbeutz, Süsel;Scharbeutz, Süsel;339,4;298,6
PR3_OHS_063;Ostholstein;-;Ahrensbök, Scharbeutz, Süsel;-;73;-
PR3_OHS_064;Ostholstein;-;Ahrensbök;-;84,7;-
PR3_OHS_065;Ostholstein;-;Ahrensbök, Scharbeutz;-;164,3;-
PR3_OHS_066;Ostholstein;-;Ahrensbök;-;21;-
PR3_OHS_067;Ostholstein;-;Ahrensbök;-;33,4;-
PR3_OHS_068;Ostholstein;Ostholstein;Scharbeutz;Scharbeutz;37,7;35,6
PR3_OHS_069;Ostholstein;Ostholstein;Ahrensbök, Scharbeutz;Ahrensbök, Scharbeutz;117,4;116,4
PR3_OHS_070;Ostholstein;-;Ahrensbök;-;18,4;-
PR3_OHS_071;Ostholstein;-;Ahrensbök;-;58,4;-
PR3_OHS_072;Ostholstein;Ostholstein;Ratekau, Timmendorfer Strand;Ratekau;108,4;18,7
PR3_OHS_074;Ostholstein;Ostholstein;Ratekau, Scharbeutz, Stockelsdorf;Ratekau, Scharbeutz;99,7;29,7
PR3_OHS_075;Ostholstein;-;Ahrensbök;-;32,8;-
PR3_OHS_076;Ostholstein;Ostholstein;Ahrensbök;Ahrensbök;113,5;94,8
PR3_OHS_077;Ostholstein;Ostholstein;Ratekau;Ratekau;35,8;31
PR3_OHS_078;Ostholstein;-;Stockelsdorf;-;79,7;-
PR3_OHS_079;Ostholstein;-;Stockelsdorf;-;37,9;-
PR3_OHS_080;Ostholstein;Ostholstein;Stockelsdorf;Stockelsdorf;37,6;37,6
PR3_OHS_081;Ostholstein;Ostholstein;Stockelsdorf;Stockelsdorf;85,8;18,3
PR3_OHS_301;Ostholstein;-;Großenbrode;-;60,8;-
PR3_OHS_302;Ostholstein;-;Heringsdorf;-;78,8;-
PR3_OHS_304;Ostholstein;-;Dahme, Grube;-;27,3;-
PR3_OHS_305;Ostholstein;-;Neustadt in Holst., Schashagen;-;188,6;-
PR3_OHS_306;Ostholstein;-;Bad Schwartau, Stockelsdorf;-;18,7;-
PR3_OHS_401;Ostholstein;-;Ahrensbök, Wensin;-;37,1;-
PR3_OHS_402;Ostholstein;-;Ahrensbök;-;13,5;-
PR3_OHS_403;Ostholstein;-;Altenkrempe;-;172;-
PR3_OHS_405;Ostholstein;-;Grömitz;-;232,2;-
PR3_OHS_406;Ostholstein;Ostholstein;Grömitz, Grube, Riepsdorf;Grömitz, Grube;51,5;21,5
PR3_OHS_408;Ostholstein;-;Wangels;-;16,6;-
PR3_OHS_409;Ostholstein;-;Gremersdorf;-;67,8;-
PR3_OHS_420;Ostholstein;Ostholstein;Fehmarn;Fehmarn;185,5;121,5
PR3_OHS_421;Ostholstein;-;Fehmarn;-;95,1;-
PR3_OHS_501;Ostholstein;-;Fehmarn;-;21,7;-
PR3_OHS_502;Ostholstein;-;Fehmarn;-;81,8;-
PR3_OHS_503;Ostholstein;-;Sierksdorf, Süsel;-;83,3;-
PR3_PIN_001;Pinneberg;Pinneberg;Bokel;Bokel;44,3;21,8
PR3_PIN_002;Pinneberg;-;Bokel;-;30,5;-
PR3_PIN_003;Pinneberg;-;Bokel, Brande-Hörnerkirchen, Lutzhorn;-;176,6;-
PR3_PIN_004;Pinneberg;-;Heede;-;22,9;-
PR3_PIN_005;Pinneberg;Pinneberg;Raa-Besenbek;Raa-Besenbek;54;54
PR3_PIN_006;Pinneberg;Pinneberg;Raa-Besenbek;Raa-Besenbek;47,5;47,5
PR3_PIN_007;Pinneberg;-;Seester;-;65,2;-
PR3_PIN_008;Pinneberg;-;Groß Nordende, Neuendeich, Seester,Uetersen;-;221,1;-
PR3_PIN_009;Pinneberg;Pinneberg;Groß Nordende, Neuendeich, Uetersen;Neuendeich, Uetersen;115,7;57,9
PR3_PIN_301;Pinneberg;-;Raa-Besenbek;-;116,6;-
PR3_PIN_302;Pinneberg;-;Haselau, Haseldorf;-;121;-
PR3_PIN_303;Pinneberg;-;Haseldorf;-;24,2;-
PR3_PIN_304;Pinneberg;-;Haseldorf, Heist, Hetlingen, Holm;-;197,1;-
PR3_PIN_401;Pinneberg;-;Seestermühe;-;59,3;-
PR3_PIN_402;Pinneberg;-;Seestermühe;-;53,9;-
PR3_PIN_501;Pinneberg;-;Moorrege;-;20,5;-
PR2_PLO_001;Plön;Plön;Bendfeld, Schwartbuck, Stakendorf;Bendfeld, Schwartbuck, Stakendorf;179,2;60,6
PR2_PLO_002;Plön;Plön;Fahren, Fiefbergen, Passade;Fahren, Fiefbergen, Passade;87,1;72,6
PR2_PLO_003;Plön;-;Heikendorf;-;23,7;-
PR2_PLO_004;Plön;-;Köhn, Schwartbuck;-;82,2;-
PR2_PLO_005;Plön;Plön;Heikendorf;Heikendorf;20,5;20,5
PR2_PLO_006;Plön;Plön;Bendfeld, Fargau-Pratjau, Höhndorf,Krummbek, Stoltenberg;Krummbek;351,9;27,4
PR2_PLO_007;Plön;-;Fahren, Höhndorf, Stoltenberg;-;19,5;-
PR2_PLO_008;Plön;-;Heikendorf, Probsteierhagen;-;40,8;-
PR2_PLO_009;Plön;-;Köhn;-;54,1;-
PR2_PLO_010;Plön;-;Fargau-Pratjau;-;102,8;-
PR2_PLO_011;Plön;-;Fargau-Pratjau, Stoltenberg;-;60,3;-
PR2_PLO_028;Plön;-;Bosau, Bösdorf;-;110,2;-
PR2_PLO_029;Plön;-;Bosau, Bösdorf;-;107;-
PR2_PLO_030;Plön;Plön;Rendswühren, Ruhwinkel, Schillsdorf;Rendswühren, Ruhwinkel, Schillsdorf;271;168,6
PR2_PLO_031;Plön;-;Schillsdorf;-;48,1;-
PR2_PLO_032;Plön;Plön;Bönebüttel, Rendswühren;Bönebüttel;213,1;51,6
PR2_PLO_302;Plön;-;Großharrie, Negenharrie;-;150,8;-
PR2_PLO_303;Plön;Plön;Bönebüttel, Großharrie, Schillsdorf, Tasdorf;Bönebüttel, Großharrie, Schillsdorf,Tasdorf;189,7;131,7
PR2_PLO_304;Plön;-;Bönebüttel;-;26,9;-
PR2_PLO_305;Plön;-;Bönebüttel;-;32,3;-
PR2_PLO_306;Plön;Plön;Bönebüttel, Groß Kummerfeld;Bönebüttel;103,6;24,9
PR2_PLO_501;Plön;-;Krummbek, Stakendorf;-;16,1;-
PR2_PLO_502;Plön;-;Großharrie, Schillsdorf;-;33,7;-
PR3_PLO_012;Plön;-;Wangels;-;26,8;-
PR2_RDE_001;Rendsburg-Eckernförde;Rendsburg-Eckernförde;Dörphof;Dörphof;101,9;51,6
PR2_RDE_002;Rendsburg-Eckernförde;-;Damp, Dörphof, Thumby;-;114,7;-
PR2_RDE_003;Rendsburg-Eckernförde;Rendsburg-Eckernförde;Thumby;Thumby;146,5;64,8
PR2_RDE_004;Rendsburg-Eckernförde;-;Holzdorf;-;44,6;-
PR2_RDE_005;Rendsburg-Eckernförde;-;Thumby;-;35,8;-
PR2_RDE_006;Rendsburg-Eckernförde;-;Damp, Waabs;-;95,4;-
PR2_RDE_007;Rendsburg-Eckernförde;Rendsburg-Eckernförde;Damp, Waabs;Waabs;39,7;36,5
PR2_RDE_008;Rendsburg-Eckernförde;-;Rieseby;-;131,5;-
PR2_RDE_009;Rendsburg-Eckernförde;Rendsburg-Eckernförde;Holzdorf, Loose, Rieseby;Loose, Rieseby;144,5;100,8
PR2_RDE_010;Rendsburg-Eckernförde;-;Kosel, Rieseby;-;60,4;-
PR2_RDE_011;Rendsburg-Eckernförde;-;Loose, Rieseby;-;67,6;-
PR2_RDE_012;Rendsburg-Eckernförde;Rendsburg-Eckernförde;Loose, Waabs;Loose, Waabs;368,9;166,9
PR2_RDE_013;Rendsburg-Eckernförde;Rendsburg-Eckernförde;Rieseby;Rieseby;21,4;5,7
PR2_RDE_014;Rendsburg-Eckernförde;-;Barkelsby, Loose;-;126,8;-
PR2_RDE_015;Rendsburg-Eckernförde;-;Barkelsby, Loose;-;91,2;-
PR2_RDE_016;Rendsburg-Eckernförde;-;Barkelsby;-;30,9;-
PR2_RDE_017;Rendsburg-Eckernförde;-;Schwedeneck;-;142,4;-
PR2_RDE_019;Rendsburg-Eckernförde;-;Osdorf, Schwedeneck;-;18,1;-
PR2_RDE_020;Rendsburg-Eckernförde;-;Dänischenhagen, Schwedeneck;-;76,3;-
PR2_RDE_021;Rendsburg-Eckernförde;-;Neudorf-Bornstein, Osdorf;-;49,6;-
PR2_RDE_022;Rendsburg-Eckernförde;-;Brekendorf;-;128,9;-
PR2_RDE_023;Rendsburg-Eckernförde;-;Neudorf-Bornstein;-;72,8;-
PR2_RDE_024;Rendsburg-Eckernförde;-;Goosefeld, Groß Wittensee;-;43,7;-
PR2_RDE_025;Rendsburg-Eckernförde;Rendsburg-Eckernförde;Altenhof, Goosefeld, Holtsee;Altenhof, Holtsee;215,3;161,6
PR2_RDE_026;Rendsburg-Eckernförde;Rendsburg-Eckernförde;Gettorf, Osdorf;Gettorf, Osdorf;41,7;16
PR2_RDE_027;Rendsburg-Eckernförde;-;Groß Wittensee;-;15;-
PR2_RDE_028;Rendsburg-Eckernförde;-;Gettorf, Lindau, Neudorf-Bornstein;-;49,9;-
PR2_RDE_029;Rendsburg-Eckernförde;Rendsburg-Eckernförde;Owschlag;Owschlag;125,5;81,2
PR2_RDE_030;Rendsburg-Eckernförde;-;Haby, Holtsee;-;51,8;-
PR2_RDE_032;Rendsburg-Eckernförde;-;Groß Wittensee, Klein Wittensee;-;44,8;-
PR2_RDE_033;Rendsburg-Eckernförde;Rendsburg-Eckernförde;Felm, Tüttendorf;Felm, Tüttendorf;133;117,3
PR2_RDE_034;Rendsburg-Eckernförde;Rendsburg-Eckernförde;Holtsee, Lindau, Neudorf-Bornstein;Holtsee, Lindau, Neudorf-Bornstein;67;56
PR2_RDE_035;Rendsburg-Eckernförde;Rendsburg-Eckernförde;Holtsee;Holtsee;90,8;74,9
PR2_RDE_036;Rendsburg-Eckernförde;-;Holtsee;-;36;-
PR2_RDE_037;Rendsburg-Eckernförde;-;Tüttendorf;-;32,9;-
PR2_RDE_038;Rendsburg-Eckernförde;Rendsburg-Eckernförde;Alt Duvenstedt, Owschlag;Owschlag;266;56,7
PR2_RDE_039;Rendsburg-Eckernförde;Rendsburg-Eckernförde;Sehestedt;Sehestedt;33,6;32,6
PR2_RDE_040;Rendsburg-Eckernförde;Rendsburg-Eckernförde;Neuwittenbek, Tüttendorf;Neuwittenbek, Tüttendorf;85,1;42,9
PR2_RDE_042;Rendsburg-Eckernförde;Rendsburg-Eckernförde;Holtsee, Lindau;Holtsee, Lindau;146,8;88,9
PR2_RDE_043;Rendsburg-Eckernförde;-;Lindau, Schinkel;-;17,1;-
PR2_RDE_044;Rendsburg-Eckernförde;-;Owschlag;-;78,1;-
PR2_RDE_045;Rendsburg-Eckernförde;-;Bünsdorf;-;63,4;-
PR2_RDE_046;Rendsburg-Eckernförde;Rendsburg-Eckernförde;Bovenau;Bovenau;279,8;152
PR2_RDE_047;Rendsburg-Eckernförde;-;Alt Duvenstedt, Borgstedt, Neu Duvenstedt,Rickert;-;129,6;-
PR2_RDE_048;Rendsburg-Eckernförde;-;Borgstedt;-;18;-
PR2_RDE_049;Rendsburg-Eckernförde;-;Alt Duvenstedt, Rickert;-;93,2;-
PR2_RDE_050;Rendsburg-Eckernförde;-;Bovenau;-;108,1;-
PR2_RDE_051;Rendsburg-Eckernförde;-;Bovenau, Krummwisch;-;28,1;-
PR2_RDE_052;Rendsburg-Eckernförde;-;Alt Duvenstedt, Rendsburg, Rickert;-;82,9;-
PR2_RDE_053;Rendsburg-Eckernförde;-;Lohe-Föhrden;-;26,8;-
PR2_RDE_054;Rendsburg-Eckernförde;-;Bovenau, Ostenfeld (Rendsburg), Rade b.Rendsburg;-;55,6;-
PR2_RDE_056;Rendsburg-Eckernförde;Rendsburg-Eckernförde;Melsdorf, Quarnbek;Quarnbek;101,3;42,5
PR2_RDE_058;Rendsburg-Eckernförde;-;Bovenau, Ostenfeld (Rendsburg);-;22,5;-
PR2_RDE_059;Rendsburg-Eckernförde;-;Fockbek;-;30,3;-
PR2_RDE_060;Rendsburg-Eckernförde;Rendsburg-Eckernförde;Bredenbek, Haßmoor;Bredenbek, Haßmoor;93;85,7
PR2_RDE_061;Rendsburg-Eckernförde;Rendsburg-Eckernförde;Bredenbek, Haßmoor;Bredenbek, Haßmoor;53,8;19,8
PR2_RDE_062;Rendsburg-Eckernförde;-;Schacht-Audorf, Schülldorf;-;95,5;-
PR2_RDE_063;Rendsburg-Eckernförde;-;Westensee;-;128,3;-
PR2_RDE_064;Rendsburg-Eckernförde;Rendsburg-Eckernförde;Elsdorf-Westermühlen, Fockbek, Hohn;Elsdorf-Westermühlen, Fockbek, Hohn;478,3;256,4
PR2_RDE_065;Rendsburg-Eckernförde;-;Emkendorf, Haßmoor;-;35,3;-
PR2_RDE_066;Rendsburg-Eckernförde;-;Haßmoor;-;33,6;-
PR2_RDE_067;Rendsburg-Eckernförde;Rendsburg-Eckernförde;Schülldorf;Schülldorf;27,9;27,9
PR2_RDE_068;Rendsburg-Eckernförde;Rendsburg-Eckernförde;Haßmoor, Schülldorf;Schülldorf;112,8;36,6
PR2_RDE_069;Rendsburg-Eckernförde;-;Emkendorf;-;42,2;-
PR2_RDE_070;Rendsburg-Eckernförde;-;Boksee, Flintbek;-;75,3;-
PR2_RDE_071;Rendsburg-Eckernförde;-;Jevenstedt, Westerrönfeld;-;71,6;-
PR2_RDE_072;Rendsburg-Eckernförde;-;Elsdorf-Westermühlen, Fockbek, Nübbel,Schülp b. Rendsburg;-;750,4;-
PR2_RDE_073;Rendsburg-Eckernförde;-;Bargstall, Elsdorf-Westermühlen;-;49,8;-
PR2_RDE_074;Rendsburg-Eckernförde;Rendsburg-Eckernförde;Flintbek;Flintbek;55,8;19,3
PR2_RDE_075;Rendsburg-Eckernförde;Rendsburg-Eckernförde;Elsdorf-Westermühlen, Hamdorf;Elsdorf-Westermühlen, Hamdorf;94,3;88,3
PR2_RDE_077;Rendsburg-Eckernförde;Rendsburg-Eckernförde;Jevenstedt, Schülp b. Rendsburg;Jevenstedt, Schülp b. Rendsburg;97,8;38,6
PR2_RDE_078;Rendsburg-Eckernförde;-;Langwedel;-;43,8;-
PR2_RDE_080;Rendsburg-Eckernförde;Rendsburg-Eckernförde;Bokel, Emkendorf;Bokel, Emkendorf;132,2;111,7
PR2_RDE_082;Rendsburg-Eckernförde;Rendsburg-Eckernförde;Bokel, Emkendorf;Bokel, Emkendorf;30,3;30,3
PR2_RDE_083;Rendsburg-Eckernförde;Rendsburg-Eckernförde;Bokel, Jevenstedt;Bokel;68,1;35,2
PR2_RDE_084;Rendsburg-Eckernförde;-;Groß Vollstedt, Warder;-;79,2;-
PR2_RDE_085;Rendsburg-Eckernförde;-;Langwedel;-;16,2;-
PR2_RDE_086;Rendsburg-Eckernförde;Rendsburg-Eckernförde;Jevenstedt;Jevenstedt;99,7;80,5
PR2_RDE_087;Rendsburg-Eckernförde;Rendsburg-Eckernförde;Jevenstedt;Jevenstedt;59,9;59,9
PR2_RDE_088;Rendsburg-Eckernförde;-;Langwedel;-;67,8;-
PR2_RDE_089;Rendsburg-Eckernförde;-;Ellerdorf, Groß Vollstedt;-;35,3;-
PR2_RDE_090;Rendsburg-Eckernförde;Rendsburg-Eckernförde;Jevenstedt;Jevenstedt;72,7;31
PR2_RDE_092;Rendsburg-Eckernförde;-;Brammer, Jevenstedt;-;82,9;-
PR2_RDE_093;Rendsburg-Eckernförde;-;Jevenstedt, Luhnstedt;-;100,8;-
PR2_RDE_094;Rendsburg-Eckernförde;Rendsburg-Eckernförde;Bokel, Brammer, Ellerdorf;Bokel, Brammer, Ellerdorf;104;98,7
PR2_RDE_098;Rendsburg-Eckernförde;-;Dätgen;-;57,5;-
PR2_RDE_100;Rendsburg-Eckernförde;Rendsburg-Eckernförde;Ellerdorf, Nortorf;Ellerdorf, Nortorf;58,2;20,2
PR2_RDE_101;Rendsburg-Eckernförde;-;Bargstedt, Brammer;-;97,7;-
PR2_RDE_102;Rendsburg-Eckernförde;-;Borgdorf-Seedorf, Eisendorf, Nortorf;-;57,8;-
PR2_RDE_104;Rendsburg-Eckernförde;Rendsburg-Eckernförde;Bargstedt, Luhnstedt;Bargstedt, Luhnstedt;55,1;18,6
PR2_RDE_105;Rendsburg-Eckernförde;-;Luhnstedt, Stafstedt;-;36,5;-
PR2_RDE_106;Rendsburg-Eckernförde;Rendsburg-Eckernförde;Bissee, Groß Buchwald;Bissee, Groß Buchwald;86;61
PR2_RDE_107;Rendsburg-Eckernförde;-;Bargstedt, Nortorf;-;180;-
PR2_RDE_108;Rendsburg-Eckernförde;-;Borgdorf-Seedorf, Dätgen, Loop, Schönbek,Schülp b. Nortorf;-;140,1;-
PR2_RDE_109;Rendsburg-Eckernförde;-;Haale;-;29,4;-
PR2_RDE_110;Rendsburg-Eckernförde;-;Luhnstedt, Stafstedt;-;33,1;-
PR2_RDE_112;Rendsburg-Eckernförde;-;Brinjahe, Nienborstel, Stafstedt;-;25,9;-
PR2_RDE_114;Rendsburg-Eckernförde;Rendsburg-Eckernförde;Loop, Mühbrook, Schönbek;Loop, Schönbek;77,2;36
PR2_RDE_117;Rendsburg-Eckernförde;Rendsburg-Eckernförde;Loop, Schönbek;Loop;50,8;15
PR2_RDE_118;Rendsburg-Eckernförde;Rendsburg-Eckernförde;Groß Buchwald, Negenharrie;Groß Buchwald, Negenharrie;115,9;72,1
PR2_RDE_119;Rendsburg-Eckernförde;-;Krogaspe, Loop, Schülp b. Nortorf, Timmaspe;-;175;-
PR2_RDE_120;Rendsburg-Eckernförde;-;Bargstedt;-;28,3;-
PR2_RDE_121;Rendsburg-Eckernförde;Rendsburg-Eckernförde;Gnutz, Schülp b. Nortorf, Timmaspe;Gnutz, Schülp b. Nortorf, Timmaspe;49,8;42,5
PR2_RDE_122;Rendsburg-Eckernförde;Rendsburg-Eckernförde;Hanerau-Hademarschen, Oldenbüttel,Steenfeld;Hanerau-Hademarschen, Oldenbüttel,Steenfeld;143,2;143,2
PR2_RDE_123;Rendsburg-Eckernförde;-;Oldenhütten;-;48;-
PR2_RDE_124;Rendsburg-Eckernförde;-;Nienborstel, Nindorf, Remmels, Stafstedt;-;55;-
PR2_RDE_125;Rendsburg-Eckernförde;-;Bargstedt, Gnutz, Nortorf;-;157,5;-
PR2_RDE_126;Rendsburg-Eckernförde;Rendsburg-Eckernförde;Gnutz, Schülp b. Nortorf, Timmaspe;Gnutz, Schülp b. Nortorf, Timmaspe;89,7;85,9
PR2_RDE_127;Rendsburg-Eckernförde;-;Todenbüttel;-;90,7;-
PR2_RDE_128;Rendsburg-Eckernförde;-;Nindorf, Remmels;-;24,7;-
PR2_RDE_129;Rendsburg-Eckernförde;-;Nindorf, Oldenhütten;-;57,1;-
PR2_RDE_130;Rendsburg-Eckernförde;Rendsburg-Eckernförde;Krogaspe, Loop;Krogaspe, Loop;102,7;57,7
PR2_RDE_132;Rendsburg-Eckernförde;Rendsburg-Eckernförde;Aukrug, Gnutz;Gnutz;197,2;74,9
PR2_RDE_133;Rendsburg-Eckernförde;-;Krogaspe, Timmaspe;-;22,3;-
PR2_RDE_134;Rendsburg-Eckernförde;-;Heinkenborstel;-;34,6;-
PR2_RDE_135;Rendsburg-Eckernförde;-;Nindorf, Remmels;-;87,3;-
PR2_RDE_136;Rendsburg-Eckernförde;Rendsburg-Eckernförde;Nienborstel, Remmels;Remmels;82;31
PR2_RDE_137;Rendsburg-Eckernförde;Rendsburg-Eckernförde;Gnutz, Timmaspe;Gnutz, Timmaspe;436,3;180,5
PR2_RDE_138;Rendsburg-Eckernförde;-;Nindorf;-;33,1;-
PR2_RDE_139;Rendsburg-Eckernförde;Rendsburg-Eckernförde;Beringstedt, Gokels, Lütjenwestedt, Seefeld,Todenbüttel;Gokels, Lütjenwestedt, Seefeld;286,6;103,8
PR2_RDE_140;Rendsburg-Eckernförde;Rendsburg-Eckernförde;Nienborstel, Osterstedt;Nienborstel, Osterstedt;54,7;45,1
PR2_RDE_141;Rendsburg-Eckernförde;-;Timmaspe;-;32,6;-
PR2_RDE_142;Rendsburg-Eckernförde;Rendsburg-Eckernförde;Beldorf, Bornholt, Steenfeld;Beldorf, Bornholt, Steenfeld;141,5;118,7
PR2_RDE_144;Rendsburg-Eckernförde;Rendsburg-Eckernförde;Bendorf, Thaden;Bendorf, Thaden;273,4;238,3
PR2_RDE_145;Rendsburg-Eckernförde;Rendsburg-Eckernförde;Aukrug, Gnutz;Aukrug;108,4;73,7
PR2_RDE_147;Rendsburg-Eckernförde;-;Hohenwestedt, Wapelfeld;-;115,6;-
PR2_RDE_148;Rendsburg-Eckernförde;-;Wasbek;-;17,2;-
PR2_RDE_150;Rendsburg-Eckernförde;-;Osterstedt, Puls, Reher;-;61,8;-
PR2_RDE_155;Rendsburg-Eckernförde;Rendsburg-Eckernförde;Aukrug, Wasbek;Aukrug, Wasbek;61,6;55,4
PR2_RDE_156;Rendsburg-Eckernförde;-;Hohenwestedt, Tappendorf;-;59,6;-
PR2_RDE_157;Rendsburg-Eckernförde;-;Bendorf, Thaden;-;91,1;-
PR2_RDE_158;Rendsburg-Eckernförde;Rendsburg-Eckernförde;Bendorf, Bornholt;Bendorf, Bornholt;25;18,1
PR2_RDE_159;Rendsburg-Eckernförde;Rendsburg-Eckernförde;Hohenwestedt, Jahrsdorf, Wapelfeld;Hohenwestedt, Jahrsdorf, Wapelfeld;157;25,5
PR2_RDE_161;Rendsburg-Eckernförde;-;Bendorf;-;57,2;-
PR2_RDE_162;Rendsburg-Eckernförde;-;Aukrug, Grauel, Meezen;-;152,7;-
PR2_RDE_164;Rendsburg-Eckernförde;Rendsburg-Eckernförde;Arpsdorf, Padenstedt;Padenstedt;61,2;20,9
PR2_RDE_301;Rendsburg-Eckernförde;Rendsburg-Eckernförde;Gammelby, Rieseby;Gammelby, Rieseby;65,5;42,2
PR2_RDE_303;Rendsburg-Eckernförde;-;Osterby, Windeby;-;97,3;-
PR2_RDE_304;Rendsburg-Eckernförde;-;Altenholz, Felm;-;45,8;-
PR2_RDE_306;Rendsburg-Eckernförde;-;Rodenbek;-;45,8;-
PR2_RDE_307;Rendsburg-Eckernförde;-;Rodenbek, Rumohr, Schierensee;-;15,1;-
PR2_RDE_308;Rendsburg-Eckernförde;-;Bissee, Brügge;-;27,6;-
PR2_RDE_309;Rendsburg-Eckernförde;-;Jevenstedt, Osterrönfeld;-;65,1;-
PR2_RDE_310;Rendsburg-Eckernförde;-;Jevenstedt;-;47;-
PR2_RDE_311;Rendsburg-Eckernförde;-;Krogaspe, Wasbek;-;45;-
PR2_RDE_312;Rendsburg-Eckernförde;-;Timmaspe, Wasbek;-;15,1;-
PR2_RDE_313;Rendsburg-Eckernförde;-;Wasbek;-;125,2;-
PR2_RDE_314;Rendsburg-Eckernförde;Rendsburg-Eckernförde;Aukrug, Ehndorf, Wasbek;Aukrug, Ehndorf, Wasbek;226,6;179,3
PR2_RDE_315;Rendsburg-Eckernförde;-;Ehndorf;-;36;-
PR2_RDE_316;Rendsburg-Eckernförde;Rendsburg-Eckernförde;Arpsdorf, Padenstedt;Arpsdorf, Padenstedt;115,7;85,2
PR2_RDE_317;Rendsburg-Eckernförde;Rendsburg-Eckernförde;Padenstedt;Padenstedt;74,2;34,5
PR2_RDE_401;Rendsburg-Eckernförde;-;Kosel;-;47,1;-
PR2_RDE_402;Rendsburg-Eckernförde;-;Gammelby, Kosel, Rieseby;-;37,9;-
PR2_RDE_403;Rendsburg-Eckernförde;-;Güby, Hummelfeld;-;19,4;-
PR2_RDE_404;Rendsburg-Eckernförde;-;Sehestedt;-;47,7;-
PR2_RDE_405;Rendsburg-Eckernförde;-;Hohn, Lohe-Föhrden;-;44,1;-
PR2_RDE_407;Rendsburg-Eckernförde;-;Emkendorf;-;18,1;-
PR2_RDE_408;Rendsburg-Eckernförde;-;Bokel, Emkendorf;-;22,7;-
PR2_RDE_409;Rendsburg-Eckernförde;-;Böhnhusen, Reesdorf, Techelsdorf;-;21;-
PR2_RDE_410;Rendsburg-Eckernförde;-;Hohenwestedt, Tappendorf;-;23,1;-
PR2_RDE_411;Rendsburg-Eckernförde;-;Aasbüttel, Bendorf, Bokhorst;-;21,9;-
PR2_RDE_412;Rendsburg-Eckernförde;-;Negenharrie;-;26,3;-
PR2_RDE_420;Rendsburg-Eckernförde;-;Beldorf, Bornholt;-;17,8;-
PR2_RDE_501;Rendsburg-Eckernförde;-;Brekendorf, Owschlag;-;52,9;-
PR2_RDE_502;Rendsburg-Eckernförde;-;Holzdorf, Rieseby;-;29,3;-
PR2_RDE_503;Rendsburg-Eckernförde;-;Schwedeneck, Strande;-;103,9;-
PR2_RDE_504;Rendsburg-Eckernförde;-;Langwedel;-;27,5;-
PR2_RDE_505;Rendsburg-Eckernförde;-;Eisendorf, Ellerdorf;-;25,4;-
PR2_RDE_506;Rendsburg-Eckernförde;-;Holzdorf, Rieseby;-;30,3;-
PR3_SEG_001;Segeberg;-;Belau, Dersau, Schmalensee, Stocksee;-;212,7;-
PR3_SEG_003;Segeberg;Segeberg;Damsdorf, Schmalensee, Stocksee, Tarbek;Damsdorf, Schmalensee;307,2;40,6
PR3_SEG_005;Segeberg;-;Bornhöved;-;39,3;-
PR3_SEG_006;Segeberg;-;Glasau;-;18,9;-
PR3_SEG_007;Segeberg;-;Bosau, Seedorf;-;51,8;-
PR3_SEG_008;Segeberg;-;Glasau;-;30,1;-
PR3_SEG_009;Segeberg;-;Tarbek;-;219,2;-
PR3_SEG_010;Segeberg;-;Seedorf;-;25,6;-
PR3_SEG_011;Segeberg;-;Tarbek;-;45,6;-
PR3_SEG_012;Segeberg;-;Nehms, Seedorf;-;97,6;-
PR3_SEG_013;Segeberg;Segeberg;Travenhorst;Travenhorst;38,6;25,4
PR3_SEG_014;Segeberg;-;Daldorf;-;63,9;-
PR3_SEG_015;Segeberg;-;Blunk;-;111,7;-
PR3_SEG_016;Segeberg;-;Wensin;-;36,4;-
PR3_SEG_017;Segeberg;-;Travenhorst;-;16,6;-
PR3_SEG_018;Segeberg;Segeberg;Boostedt, Großenaspe, Neumünster, Stadt;Großenaspe;238,9;38
PR3_SEG_019;Segeberg;Segeberg;Arpsdorf, Hardebek, Hasenkrug;Hardebek, Hasenkrug;165,5;162,4
PR3_SEG_020;Segeberg;-;Blunk;-;28,7;-
PR3_SEG_021;Segeberg;-;Blunk, Groß Rönnau, Krems II;-;142,8;-
PR3_SEG_022;Segeberg;-;Ahrensbök, Pronstorf;-;112,9;-
PR3_SEG_023;Segeberg;-;Ahrensbök, Pronstorf;-;40,8;-
PR3_SEG_024;Segeberg;Segeberg;Großenaspe, Wiemersdorf;Großenaspe, Wiemersdorf;339,3;307,6
PR3_SEG_025;Segeberg;-;Armstedt, Wiemersdorf;-;34,3;-
PR3_SEG_026;Segeberg;-;Armstedt, Fuhlendorf, Hagen;-;147,7;-
PR3_SEG_027;Segeberg;Segeberg;Wiemersdorf;Wiemersdorf;55,6;41,7
PR3_SEG_028;Segeberg;Segeberg;Ahrensbök, Pronstorf, Stockelsdorf;Ahrensbök, Pronstorf, Stockelsdorf;217;217
PR3_SEG_029;Segeberg;Segeberg;Bad Segeberg, Schieren, Stipsdorf, Weede;Weede;180,5;26,1
PR3_SEG_030;Segeberg;-;Hagen, Hitzhusen;-;32,2;-
PR3_SEG_031;Segeberg;-;Pronstorf;-;27,9;-
PR3_SEG_032;Segeberg;Segeberg;Föhrden-Barl, Hitzhusen, Weddelbrook;Föhrden-Barl, Hitzhusen,Weddelbrook;124;19,8
PR3_SEG_033;Segeberg;-;Geschendorf, Strukdorf, Weede;-;53,2;-
PR3_SEG_034;Segeberg;-;Strukdorf;-;79,1;-
PR3_SEG_035;Segeberg;Segeberg;Neuengörs, Weede;Neuengörs, Weede;193,7;148,8
PR3_SEG_036;Segeberg;-;Klein Gladebrügge, Traventhal;-;17,4;-
PR3_SEG_037;Segeberg;-;Högersdorf, Schwissel;-;50,4;-
PR3_SEG_038;Segeberg;-;Bark, Kükels, Todesfelde, Wittenborn;-;324,1;-
PR3_SEG_039;Segeberg;-;Mönkloh;-;24,4;-
PR3_SEG_040;Segeberg;Segeberg;Bebensee, Leezen, Mözen;Bebensee, Leezen, Mözen;172,4;60,6
PR3_SEG_041;Segeberg;-;Mönkloh;-;34,7;-
PR3_SEG_042;Segeberg;Segeberg;Bühnsdorf, Feldhorst, Neuengörs, Rehhorst;Bühnsdorf, Feldhorst, Neuengörs,Rehhorst;101,4;29,9
PR3_SEG_043;Segeberg;Segeberg;Lentföhrden, Weddelbrook;Lentföhrden, Weddelbrook;117;34,7
PR3_SEG_044;Segeberg;-;Fredesdorf, Todesfelde;-;15,1;-
PR3_SEG_045;Segeberg;-;Weddelbrook;-;45,5;-
PR3_SEG_046;Segeberg;-;Fredesdorf, Kükels, Leezen;-;91,4;-
PR3_SEG_047;Segeberg;-;Fredesdorf, Seth, Struvenhütten, Stuvenborn,Todesfelde;-;795,8;-
PR3_SEG_049;Segeberg;-;Lentföhrden, Nützen;-;38,4;-
PR3_SEG_052;Segeberg;Segeberg;Kaltenkirchen, Nützen, Schmalfeld;Schmalfeld;96;17,8
PR3_SEG_054;Segeberg;-;Fredesdorf, Groß Niendorf, Leezen, Seth,Sülfeld;-;424,5;-
PR3_SEG_055;Segeberg;Segeberg;Sievershütten, Struvenhütten;Sievershütten, Struvenhütten;47;20,2
PR3_SEG_057;Segeberg;Segeberg;Groß Niendorf, Leezen, Neversdorf;Groß Niendorf;155,2;23,5
PR3_SEG_058;Segeberg;-;Seth;-;39;-
PR3_SEG_059;Segeberg;Segeberg;Heidmoor, Lentföhrden, Lutzhorn;Heidmoor;432,7;68,2
PR3_SEG_061;Segeberg;-;Alveslohe;-;20,2;-
PR3_SEG_062;Segeberg;-;Alveslohe, Kaltenkirchen;-;21,8;-
PR3_SEG_301;Segeberg, Plön;-;Bornhöved, Gönnebek, Rendswühren;-;197,6;-
PR3_SEG_302;Segeberg, Plön;Segeberg, Plön;Gönnebek, Groß Kummerfeld, Rendswühren;Gönnebek, Groß Kummerfeld;343,5;163,4
PR3_SEG_303;Segeberg;-;Heidmühlen, Latendorf, Rickling;-;174,9;-
PR3_SEG_304;Segeberg;-;Großenaspe, Hardebek;-;62,1;-
PR3_SEG_306;Segeberg;Segeberg;Armstedt, Hardebek, Wiemersdorf;Armstedt;188,2;23,1
PR3_SEG_307;Segeberg;-;Negernbötel;-;18,8;-
PR3_SEG_309;Segeberg;Segeberg;Rickling, Wahlstedt;Rickling, Wahlstedt;127,9;64,4
PR3_SEG_310;Segeberg;-;Bark, Heidmühlen;-;35,1;-
PR3_SEG_311;Segeberg;-;Heidmühlen;-;16;-
PR3_SEG_312;Segeberg;-;Fahrenkrug, Wittenborn;-;66,1;-
PR3_SEG_314;Segeberg;-;Großenaspe;-;71,9;-
PR3_SEG_315;Segeberg;-;Großenaspe;-;40,2;-
PR3_SEG_316;Segeberg;-;Großenaspe;-;142,4;-
PR3_SEG_317;Segeberg;-;Bimöhlen;-;93,3;-
PR3_SEG_318;Segeberg;Segeberg;Bimöhlen, Hasenmoor;Bimöhlen;176,6;50,1
PR3_SEG_319;Segeberg;-;Bad Bramstedt;-;46,8;-
PR3_SEG_320;Segeberg;-;Hasenmoor;-;21,8;-
PR3_SEG_321;Segeberg;-;Bark, Todesfelde;-;174,2;-
PR3_SEG_322;Segeberg;-;Hartenholm, Struvenhütten, Todesfelde;-;177,1;-
PR3_SEG_323;Segeberg;Segeberg;Hartenholm, Hasenmoor, Schmalfeld,Struvenhütten;Hasenmoor, Struvenhütten;183,6;43,5
PR3_SEG_324;Segeberg;-;Bad Bramstedt, Lentföhrden, Schmalfeld;-;56;-
PR3_SEG_325;Segeberg;-;Lentföhrden;-;28,5;-
PR3_SEG_326;Segeberg;-;Heidmoor;-;17;-
PR3_SEG_327;Segeberg;Segeberg;Heidmoor, Lentföhrden, Nützen;Heidmoor, Lentföhrden, Nützen;307,2;73,9
PR3_SEG_328;Segeberg, Pinneberg;-;Alveslohe, Bilsen, Ellerau;-;91,8;-
PR3_SEG_329;Segeberg;-;Oering, Seth;-;28,4;-
PR3_SEG_330;Segeberg;-;Nahe;-;60,9;-
PR3_SEG_331;Segeberg;-;Itzstedt, Sülfeld;-;17,7;-
PR3_SEG_332;Segeberg;-;Groß Niendorf, Sülfeld, Travenbrück;-;127,7;-
PR3_SEG_333;Segeberg;-;Sülfeld;-;20,7;-
PR3_SEG_335;Segeberg;-;Norderstedt;-;74,9;-
PR3_SEG_401;Segeberg;-;Bad Bramstedt, Bimöhlen;-;23,9;-
PR3_SEG_402;Segeberg;-;Nützen;-;16,8;-
PR3_SEG_403;Segeberg;-;Henstedt-Ulzburg, Wakendorf II;-;32,6;-
PR3_SEG_404;Segeberg;-;Kisdorf;-;21,5;-
PR3_SEG_405;Segeberg;-;Kisdorf, Oering, Sievershütten;-;27,8;-
PR3_SEG_406;Segeberg;-;Geschendorf, Schieren, Westerrade;-;67,8;-
PR3_SEG_407;Segeberg;-;Pronstorf, Westerrade;-;15,5;-
PR3_SEG_501;Segeberg;-;Henstedt-Ulzburg;-;18,2;-
PR3_SEG_601;Segeberg;-;Sülfeld;-;69,1;-
PR1_SLF_001;Schleswig-Flensburg;Schleswig-Flensburg;Böxlund, Jardelund, Weesby;Böxlund, Jardelund, Weesby;159,6;159,6
PR1_SLF_002;Schleswig-Flensburg;-;Böxlund, Weesby;-;34,4;-
PR1_SLF_003;Schleswig-Flensburg;Schleswig-Flensburg;Jardelund;Jardelund;264,6;198,8
PR1_SLF_004;Schleswig-Flensburg;Schleswig-Flensburg;Weesby;Weesby;25,1;24,8
PR1_SLF_005;Schleswig-Flensburg;-;Weesby;-;71,3;-
PR1_SLF_006;Schleswig-Flensburg;-;Langballig, Munkbrarup, Ringsberg;-;43,4;-
PR1_SLF_009;Schleswig-Flensburg;-;Handewitt;-;65,5;-
PR1_SLF_011;Schleswig-Flensburg;Schleswig-Flensburg;Holt, Medelby, Osterby, Schafflund, Wallsbüll;Medelby, Osterby;374,8;96,2
PR1_SLF_012;Schleswig-Flensburg;Schleswig-Flensburg;Handewitt, Wallsbüll;Handewitt, Wallsbüll;40,6;40,6
PR1_SLF_013;Schleswig-Flensburg;-;Maasbüll;-;15,9;-
PR1_SLF_014;Schleswig-Flensburg;-;Handewitt, Wallsbüll;-;56,6;-
PR1_SLF_015;Schleswig-Flensburg;-;Maasbüll;-;16,1;-
PR1_SLF_017;Schleswig-Flensburg;Schleswig-Flensburg;Grundhof, Husby;Grundhof;29,7;23,3
PR1_SLF_018;Schleswig-Flensburg;-;Handewitt, Wallsbüll;-;131,3;-
PR1_SLF_019;Schleswig-Flensburg;Schleswig-Flensburg;Dollerup;Dollerup;32,9;32,9
PR1_SLF_020;Schleswig-Flensburg;-;Hürup, Tastrup;-;61,5;-
PR1_SLF_021;Schleswig-Flensburg;Schleswig-Flensburg;Schafflund;Schafflund;83,9;83,9
PR1_SLF_022;Schleswig-Flensburg;-;Hörup;-;43,4;-
PR1_SLF_023;Schleswig-Flensburg;-;Hürup;-;103,4;-
PR1_SLF_025;Schleswig-Flensburg;-;Sörup;-;29,6;-
PR1_SLF_026;Schleswig-Flensburg;-;Kronsgaard;-;26,9;-
PR1_SLF_027;Schleswig-Flensburg;-;Hörup, Nordhackstedt, Schafflund;-;161,3;-
PR1_SLF_028;Schleswig-Flensburg;Schleswig-Flensburg;Meyn, Nordhackstedt;Meyn, Nordhackstedt;46,2;46,2
PR1_SLF_029;Schleswig-Flensburg;Schleswig-Flensburg;Großenwiehe, Handewitt, Lindewitt, Meyn;Großenwiehe, Handewitt, Meyn;406;316,5
PR1_SLF_030;Schleswig-Flensburg;-;Stangheck;-;42,5;-
PR1_SLF_031;Schleswig-Flensburg;Schleswig-Flensburg;Sörup;Sörup;87,5;67,5
PR1_SLF_032;Schleswig-Flensburg;-;Niesgrau, Sterup;-;31;-
PR1_SLF_033;Schleswig-Flensburg;-;Lindewitt;-;34,5;-
PR1_SLF_034;Schleswig-Flensburg;Schleswig-Flensburg;Lindewitt, Nordhackstedt;Lindewitt, Nordhackstedt;62,2;45,4
PR1_SLF_035;Schleswig-Flensburg;Schleswig-Flensburg;Hörup, Nordhackstedt;Hörup, Nordhackstedt;175,5;175,5
PR1_SLF_036;Schleswig-Flensburg;-;Freienwill, Oeversee;-;88,5;-
PR1_SLF_037;Schleswig-Flensburg;-;Handewitt, Oeversee;-;95,3;-
PR1_SLF_038;Schleswig-Flensburg;-;Handewitt, Oeversee;-;79,8;-
PR1_SLF_039;Schleswig-Flensburg;Schleswig-Flensburg;Großenwiehe, Handewitt;Großenwiehe, Handewitt;350,6;165,5
PR1_SLF_040;Schleswig-Flensburg;Schleswig-Flensburg;Hörup, Lindewitt;Hörup;154,7;72,2
PR1_SLF_041;Schleswig-Flensburg;-;Großenwiehe, Lindewitt;-;29;-
PR1_SLF_042;Schleswig-Flensburg;-;Stangheck, Stoltebüll;-;24,3;-
PR1_SLF_043;Schleswig-Flensburg;Schleswig-Flensburg;Lindewitt, Nordhackstedt;Lindewitt, Nordhackstedt;101,2;49,9
PR1_SLF_044;Schleswig-Flensburg;-;Großsolt, Mittelangeln;-;31,1;-
PR1_SLF_045;Schleswig-Flensburg;-;Lindewitt;-;58,2;-
PR1_SLF_046;Schleswig-Flensburg;-;Lindewitt;-;85,9;-
PR1_SLF_047;Schleswig-Flensburg;-;Sörup;-;21,8;-
PR1_SLF_048;Schleswig-Flensburg;-;Handewitt, Wanderup;-;47,9;-
PR1_SLF_049;Schleswig-Flensburg;-;Ahneby, Sörup, Sterup;-;40,8;-
PR1_SLF_051;Schleswig-Flensburg;Schleswig-Flensburg;Hasselberg, Rabenholz;Hasselberg, Rabenholz;21,7;21,7
PR1_SLF_052;Schleswig-Flensburg;Schleswig-Flensburg;Lindewitt;Lindewitt;103,2;45,1
PR1_SLF_053;Schleswig-Flensburg;-;Großenwiehe, Wanderup;-;53,4;-
PR1_SLF_054;Schleswig-Flensburg;-;Handewitt, Oeversee, Tarp, Wanderup;-;36;-
PR1_SLF_055;Schleswig-Flensburg;-;Großenwiehe, Wanderup;-;63,5;-
PR1_SLF_056;Schleswig-Flensburg;-;Mohrkirch, Rügge, Sterup;-;62,9;-
PR1_SLF_058;Schleswig-Flensburg;Schleswig-Flensburg;Großenwiehe, Wanderup;Großenwiehe, Wanderup;357,4;329
PR1_SLF_059;Schleswig-Flensburg;Schleswig-Flensburg;Jerrishoe, Wanderup;Jerrishoe;233,7;107,4
PR1_SLF_060;Schleswig-Flensburg;Schleswig-Flensburg;Großenwiehe, Lindewitt;Großenwiehe, Lindewitt;75,6;43,4
PR1_SLF_061;Schleswig-Flensburg;-;Oersberg, Rabenkirchen-Faulück;-;43,2;-
PR1_SLF_062;Schleswig-Flensburg;-;Havetoft, Sieverstedt;-;109,4;-
PR1_SLF_063;Schleswig-Flensburg;-;Brodersby, Kappeln;-;111,4;-
PR1_SLF_064;Schleswig-Flensburg;-;Janneby, Wanderup;-;64;-
PR1_SLF_065;Schleswig-Flensburg;Schleswig-Flensburg;Eggebek, Janneby, Jerrishoe, Wanderup;Janneby, Wanderup;407,3;188
PR1_SLF_066;Schleswig-Flensburg;Schleswig-Flensburg;Sieverstedt, Tarp;Sieverstedt, Tarp;81,1;81,1
PR1_SLF_067;Schleswig-Flensburg;-;Grödersby, Rabenkirchen-Faulück;-;60,3;-
PR1_SLF_068;Schleswig-Flensburg;-;Janneby;-;37,1;-
PR1_SLF_069;Schleswig-Flensburg;Schleswig-Flensburg;Klappholz, Mittelangeln;Klappholz, Mittelangeln;20,7;20,7
PR1_SLF_070;Schleswig-Flensburg;Schleswig-Flensburg;Jörl, Löwenstedt, Sollwitt;Jörl, Löwenstedt, Sollwitt;119,3;37,2
PR1_SLF_071;Schleswig-Flensburg;-;Boren, Dollrottfeld;-;26,9;-
PR1_SLF_072;Schleswig-Flensburg;-;Brebel, Nottfeld, Süderbrarup;-;29,9;-
PR1_SLF_073;Schleswig-Flensburg;-;Struxdorf;-;31,8;-
PR1_SLF_074;Schleswig-Flensburg;Schleswig-Flensburg;Uelsby;Uelsby;27,4;19,7
PR1_SLF_075;Schleswig-Flensburg;Schleswig-Flensburg;Eggebek, Janneby;Janneby;197,6;122
PR1_SLF_076;Schleswig-Flensburg;-;Klappholz, Sieverstedt;-;89,6;-
PR1_SLF_077;Schleswig-Flensburg;-;Boren;-;33,4;-
PR1_SLF_078;Schleswig-Flensburg;Schleswig-Flensburg;Bollingstedt, Langstedt, Sieverstedt, Tarp;Langstedt, Sieverstedt, Tarp;312,6;123,7
PR1_SLF_080;Schleswig-Flensburg;Schleswig-Flensburg;Bollingstedt, Sieverstedt, Stolk;Sieverstedt, Stolk;147,9;90,5
PR1_SLF_081;Schleswig-Flensburg;Schleswig-Flensburg;Tolk, Twedt;Tolk, Twedt;72,2;72,2
PR1_SLF_082;Schleswig-Flensburg;-;Loit, Steinfeld;-;30,3;-
PR1_SLF_083;Schleswig-Flensburg;-;Jörl, Sollwitt, Süderhackstedt;-;127,8;-
PR1_SLF_084;Schleswig-Flensburg;-;Sollerup;-;17,2;-
PR1_SLF_085;Schleswig-Flensburg;Schleswig-Flensburg;Bollingstedt, Langstedt;Bollingstedt, Langstedt;29;29
PR1_SLF_086;Schleswig-Flensburg;-;Bollingstedt;-;36,2;-
PR1_SLF_087;Schleswig-Flensburg;Schleswig-Flensburg;Loit, Taarstedt;Loit, Taarstedt;42,1;21,5
PR1_SLF_088;Schleswig-Flensburg;-;Ulsnis;-;16,4;-
PR1_SLF_089;Schleswig-Flensburg;-;Bollingstedt;-;21,8;-
PR1_SLF_090;Schleswig-Flensburg;-;Bollingstedt, Langstedt;-;15,8;-
PR1_SLF_091;Schleswig-Flensburg;-;Bollingstedt;-;26,5;-
PR1_SLF_092;Schleswig-Flensburg;Schleswig-Flensburg;Bollingstedt, Silberstedt;Silberstedt;22,3;20
PR1_SLF_093;Schleswig-Flensburg;Schleswig-Flensburg;Silberstedt;Silberstedt;23,1;23,1
PR1_SLF_095;Schleswig-Flensburg;-;Schaalby, Taarstedt, Tolk, Twedt;-;59,8;-
PR1_SLF_096;Schleswig-Flensburg;-;Bollingstedt, Idstedt, Lürschau;-;49,4;-
PR1_SLF_097;Schleswig-Flensburg;-;Bollingstedt, Lürschau;-;42,6;-
PR1_SLF_099;Schleswig-Flensburg;-;Nübel, Schaalby;-;47;-
PR1_SLF_100;Schleswig-Flensburg;-;Brodersby, Goltoft, Taarstedt, Ulsnis;-;56,2;-
PR1_SLF_101;Schleswig-Flensburg;-;Jübek, Lürschau;-;21,1;-
PR1_SLF_102;Schleswig-Flensburg;Schleswig-Flensburg;Jübek, Silberstedt;Jübek, Silberstedt;299,2;130,4
PR1_SLF_103;Schleswig-Flensburg;Schleswig-Flensburg;Jübek, Schuby;Jübek, Schuby;55,8;55,8
PR1_SLF_105;Schleswig-Flensburg;Schleswig-Flensburg;Jübek, Lürschau, Schuby;Jübek, Lürschau, Schuby;57,2;57,2
PR1_SLF_106;Schleswig-Flensburg;Schleswig-Flensburg;Schuby, Silberstedt;Schuby, Silberstedt;140,9;137
PR1_SLF_108;Schleswig-Flensburg;-;Schuby;-;19;-
PR1_SLF_109;Schleswig-Flensburg;Schleswig-Flensburg;Ellingstedt, Schuby, Silberstedt;Ellingstedt, Schuby, Silberstedt;207,6;184,3
PR1_SLF_110;Schleswig-Flensburg;Schleswig-Flensburg;Börm, Klein Bennebek;Börm, Klein Bennebek;269,9;82,5
PR1_SLF_112;Schleswig-Flensburg;Schleswig-Flensburg;Alt Bennebek, Börm, Klein Bennebek;Börm, Klein Bennebek;263,5;48,5
PR1_SLF_114;Schleswig-Flensburg;Schleswig-Flensburg;Alt Bennebek, Klein Bennebek, Kropp;Alt Bennebek, Klein Bennebek;436;210,3
PR1_SLF_115;Schleswig-Flensburg;Schleswig-Flensburg;Kropp, Tetenhusen;Kropp, Tetenhusen;102,7;78,1
PR1_SLF_116;Schleswig-Flensburg;-;Alt Bennebek, Kropp, Tetenhusen;-;338;-
PR1_SLF_117;Schleswig-Flensburg;-;Süderstapel;-;20,8;-
PR1_SLF_118;Schleswig-Flensburg;-;Delve, Süderstapel;-;29,8;-
PR1_SLF_120;Schleswig-Flensburg;-;Erfde;-;18,3;-
PR1_SLF_121;Schleswig-Flensburg;-;Erfde, Tielen;-;151,5;-
PR1_SLF_122;Schleswig-Flensburg;-;Erfde, Tielen;-;58,8;-
PR1_SLF_123;Schleswig-Flensburg;-;Erfde;-;36,3;-
PR1_SLF_301;Schleswig-Flensburg;-;Böel;-;18,8;-
PR1_SLF_311;Schleswig-Flensburg;-;Hüsby, Schuby;-;151,8;-
PR1_SLF_313;Schleswig-Flensburg;-;Silberstedt;-;85,9;-
PR1_SLF_317;Schleswig-Flensburg;-;Erfde, Süderstapel;-;434,1;-
PR1_SLF_401;Schleswig-Flensburg;Schleswig-Flensburg;Bramstedtlund, Holt, Weesby;Bramstedtlund, Weesby;504,1;52,4
PR1_SLF_403;Schleswig-Flensburg;-;Silberstedt;-;24;-
PR1_SLF_404;Schleswig-Flensburg;-;Großsolt, Havetoft;-;71;-
PR1_SLF_405;Schleswig-Flensburg;-;Havetoft, Mittelangeln;-;28,6;-
PR1_SLF_406;Schleswig-Flensburg;-;Sörup;-;17,7;-
PR1_SLF_407;Schleswig-Flensburg;-;Steinberg, Steinbergkirche;-;20,4;-
PR1_SLF_408;Schleswig-Flensburg;-;Saustrup;-;17;-
PR1_SLF_409;Schleswig-Flensburg;-;Osterby;-;24,9;-
PR1_SLF_410;Schleswig-Flensburg;-;Niesgrau, Steinberg, Sterup;-;23;-
PR1_SLF_411;Schleswig-Flensburg;-;Grundhof, Sörup;-;22,5;-
PR1_SLF_501;Schleswig-Flensburg;Schleswig-Flensburg;Schnarup-Thumby;Schnarup-Thumby;50,1;21,2
PR3_STE_001;Steinburg;-;Gokels, Seefeld, Warringholz;-;53,9;-
PR3_STE_002;Steinburg;-;Puls, Reher;-;101,7;-
PR3_STE_003;Steinburg;-;Osterstedt, Reher, Wapelfeld;-;88,6;-
PR3_STE_004;Steinburg;-;Puls;-;21,7;-
PR3_STE_005;Steinburg;Steinburg;Christinenthal, Oldenborstel, Puls;Christinenthal, Oldenborstel, Puls;106;78
PR3_STE_006;Steinburg;-;Aasbüttel, Oldenborstel, Puls, Schenefeld,Warringholz;-;169,1;-
PR3_STE_008;Steinburg;Steinburg;Besdorf, Bokhorst;Besdorf, Bokhorst;51,6;51,6
PR3_STE_009;Steinburg;-;Meezen, Poyenberg;-;38,7;-
PR3_STE_010;Steinburg;Steinburg;Holstenniendorf;Holstenniendorf;61,1;28,9
PR3_STE_011;Steinburg;-;Grauel, Poyenberg, Silzen;-;208,1;-
PR3_STE_012;Steinburg;Steinburg;Christinenthal, Peissen, Reher;Christinenthal, Peissen, Reher;462,7;262
PR3_STE_013;Steinburg;Steinburg;Bokelrehm, Bokhorst, Nienbüttel, Schenefeld;Bokelrehm;57,4;33,1
PR3_STE_015;Steinburg;-;Agethorst, Bokelrehm, Hadenfeld, Nienbüttel,;-;3;-
PR3_STE_016;Steinburg;-;Silzen;-;18;-
PR3_STE_017;Steinburg;-;Besdorf, Gribbohm, Holstenniendorf;-;42,9;-
PR3_STE_018;Steinburg;-;Sarlhusen;-;29,6;-
PR3_STE_019;Steinburg;Steinburg;Looft, Pöschendorf;Looft;196,9;125,9
PR3_STE_020;Steinburg;-;Poyenberg;-;27,1;-
PR3_STE_021;Steinburg;-;Peissen, Silzen;-;38,3;-
PR3_STE_022;Steinburg;Steinburg;Gribbohm, Holstenniendorf;Gribbohm;87;21,5
PR3_STE_023;Steinburg;-;Hennstedt, Poyenberg;-;34,1;-
PR3_STE_024;Steinburg;-;Pöschendorf;-;23,3;-
PR3_STE_025;Steinburg;-;Fitzbek, Sarlhusen, Willenscharen;-;98;-
PR3_STE_026;Steinburg;-;Drage;-;17,7;-
PR3_STE_027;Steinburg;Steinburg;Arpsdorf, Brokstedt, Willenscharen;Brokstedt, Willenscharen;370,9;226,7
PR3_STE_029;Steinburg;Steinburg;Gribbohm, Vaale, Wacken;Gribbohm, Vaale, Wacken;102,7;30,9
PR3_STE_030;Steinburg;-;Agethorst, Mehlbek;-;23,1;-
PR3_STE_031;Steinburg;-;Hohenlockstedt, Peissen, Silzen;-;45,5;-
PR3_STE_033;Steinburg;-;Kaaks, Mehlbek;-;43,7;-
PR3_STE_034;Steinburg;-;Hohenlockstedt;-;49,2;-
PR3_STE_036;Steinburg;-;Hohenlockstedt;-;57,9;-
PR3_STE_037;Steinburg;-;Hohenaspe;-;26,5;-
PR3_STE_038;Steinburg;-;Fitzbek;-;18;-
PR3_STE_040;Steinburg;-;Oeschebüttel;-;43,8;-
PR3_STE_041;Steinburg;Steinburg;Huje, Mehlbek, Nutteln;Huje, Nutteln;201,7;157,3
PR3_STE_042;Steinburg;-;Kaaks;-;21,6;-
PR3_STE_043;Steinburg;-;Borstel, Brokstedt;-;116,3;-
PR3_STE_044;Steinburg;-;Hohenlockstedt;-;40,9;-
PR3_STE_045;Steinburg;Steinburg;Hohenaspe, Ottenbüttel;Hohenaspe, Ottenbüttel;73,5;16,8
PR3_STE_046;Steinburg;Steinburg;Kaaks, Oldendorf, Ottenbüttel;Oldendorf, Ottenbüttel;110,2;32,6
PR3_STE_047;Steinburg;-;Hohenlockstedt, Mühlenbarbek;-;44,3;-
PR3_STE_048;Steinburg;-;Aebtissinwisch, Ecklak;-;74;-
PR3_STE_049;Steinburg;Steinburg;Borstel, Brokstedt, Kellinghusen, Quarnstedt,;Kellinghusen, Quarnstedt, Störkathen;1;1
PR3_STE_050;Steinburg;-;Hohenlockstedt, Ottenbüttel, Schlotfeld;-;58;-
PR3_STE_051;Steinburg;Steinburg;Ottenbüttel;Ottenbüttel;14,6;14,6
PR3_STE_052;Steinburg;-;Borstel, Hagen, Quarnstedt;-;61,1;-
PR3_STE_053;Steinburg;-;Lohbarbek, Mühlenbarbek;-;15;-
PR3_STE_054;Steinburg;-;Ecklak;-;63,6;-
PR3_STE_055;Steinburg;-;Neuendorf-Sachsenbande;-;90;-
PR3_STE_056;Steinburg;Steinburg;Moorhusen, Neuendorf-Sachsenbande;Moorhusen, Neuendorf-Sachsenbande;132,7;132,7
PR3_STE_057;Steinburg;-;Quarnstedt;-;19;-
PR3_STE_058;Steinburg;-;Neuendorf-Sachsenbande;-;66,4;-
PR3_STE_059;Steinburg;Steinburg;Bekdorf, Krummendiek, Landrecht,;Krummendiek, Landrecht, Moorhusen;1;1
PR3_STE_060;Steinburg;Steinburg;Ecklak, Landscheide;Ecklak;40,4;16,6
PR3_STE_061;Steinburg;-;Föhrden-Barl, Hagen, Quarnstedt;-;125,1;-
PR3_STE_062;Steinburg;-;Bekmünde;-;31,6;-
PR3_STE_063;Steinburg;Steinburg;Breitenberg, Wittenbergen;Wittenbergen;69,8;27,3
PR3_STE_064;Steinburg;-;Kollmoor, Oelixdorf;-;93,9;-
PR3_STE_065;Steinburg;Steinburg;Nortorf;Nortorf;183,5;142,7
PR3_STE_066;Steinburg;-;Ecklak;-;18,2;-
PR3_STE_067;Steinburg;-;Ecklak, Landscheide;-;15,1;-
PR3_STE_068;Steinburg;-;Bekmünde, Landrecht, Stördorf;-;148,9;-
PR3_STE_069;Steinburg;Steinburg;Nortorf;Nortorf;32,9;32,9
PR3_STE_070;Steinburg;Steinburg;Nortorf;Nortorf;24,5;24,5
PR3_STE_072;Steinburg;Steinburg;Beidenfleth, Dammfleth, Stördorf;Dammfleth, Stördorf;192,7;154,5
PR3_STE_073;Steinburg;Steinburg;Landscheide, Sankt Margarethen;Landscheide, Sankt Margarethen;36,2;36,2
PR3_STE_074;Steinburg;Steinburg;Brokdorf, Dammfleth, Nortorf, Sankt;Nortorf, Sankt Margarethen;4;1
PR3_STE_075;Steinburg;Steinburg;Bokel, Hingstheide, Wulfsmoor;Hingstheide, Wulfsmoor;92,5;19,4
PR3_STE_076;Steinburg;-;Beidenfleth;-;107,9;-
PR3_STE_077;Steinburg;-;Bokel, Hingstheide;-;22,6;-
PR3_STE_078;Pinneberg, Steinburg;-;Osterhorn, Wulfsmoor;-;43,1;-
PR3_STE_079;Steinburg;Steinburg;Dammfleth;Dammfleth;91;91
PR3_STE_080;Steinburg;-;Brokdorf;-;48;-
PR3_STE_081;Steinburg;-;Brokdorf, Dammfleth;-;21,2;-
PR3_STE_082;Steinburg;-;Bahrenfleth, Hodorf;-;87,8;-
PR3_STE_083;Steinburg;Steinburg;Hohenfelde, Rethwisch;Rethwisch;154;84,2
PR3_STE_084;Steinburg;Steinburg;Beidenfleth, Wewelsfleth;Beidenfleth, Wewelsfleth;69,9;51,2
PR3_STE_085;Steinburg;-;Neuenbrook;-;34,5;-
PR3_STE_086;Steinburg;-;Neuenbrook;-;114,7;-
PR3_STE_087;Steinburg;-;Beidenfleth, Wewelsfleth;-;49,5;-
PR3_STE_088;Steinburg;-;Hohenfelde, Rethwisch;-;60,6;-
PR3_STE_089;Steinburg;Steinburg;Grevenkop, Hohenfelde, Neuenbrook;Grevenkop, Neuenbrook;366,4;218,9
PR3_STE_090;Steinburg;Steinburg;Bahrenfleth, Borsfleth;Bahrenfleth;257,4;39,8
PR3_STE_091;Steinburg;-;Grevenkop;-;37,3;-
PR3_STE_092;Steinburg;Steinburg;Sommerland, Süderau;Sommerland, Süderau;73,9;73,9
PR3_STE_093;Steinburg;Steinburg;Hohenfelde, Horst (Holstein);Horst (Holstein);166,4;67,6
PR3_STE_094;Steinburg;Steinburg;Süderau;Süderau;175,3;35,4
PR3_STE_095;Steinburg;Steinburg;Sommerland, Süderau;Sommerland, Süderau;155,9;36,5
PR3_STE_096;Steinburg;Steinburg;Krempdorf, Krempe;Krempdorf;187,3;137,8
PR3_STE_097;Steinburg;Steinburg;Horst (Holstein), Sommerland;Horst (Holstein), Sommerland;82,4;29,5
PR3_STE_098;Steinburg;Steinburg;Elskop;Elskop;251,5;41,3
PR3_STE_099;Steinburg;Steinburg;Sommerland;Sommerland;114,6;94
PR3_STE_100;Steinburg;Steinburg;Sommerland;Sommerland;97,8;78
PR3_STE_101;Steinburg;-;Herzhorn, Sommerland;-;46,3;-
PR3_STE_102;Steinburg;-;Herzhorn, Sommerland;-;19,4;-
PR3_STE_302;Steinburg, Segeberg;-;Armstedt, Brokstedt;-;44,1;-
PR3_STE_303;Steinburg;-;Heiligenstedten, Hodorf;-;153,4;-
PR3_STE_401;Steinburg;-;Gribbohm, Vaale;-;74,5;-
PR3_STE_402;Steinburg;-;Bokhorst, Neuendorf-Sachsenbande, Vaale,Vaalermoor;-;35,5;-
PR3_STE_403;Steinburg;-;Neuendorf-Sachsenbande;-;27;-
PR3_STE_404;Steinburg;-;Dammfleth;-;40,3;-
PR3_STE_405;Steinburg;-;Wewelsfleth;-;23,5;-
PR3_STE_406;Steinburg;-;Wewelsfleth;-;16;-
PR3_STE_407;Steinburg;-;Kronsmoor;-;20,9;-
PR3_STE_410;Steinburg;-;Auufer;-;24,1;-
PR3_STE_411;Steinburg;-;Auufer, Wrist, Wulfsmoor;-;21,2;-
PR3_STE_412;Steinburg;-;Kellinghusen, Mühlenbarbek;-;63;-
PR3_STE_413;Steinburg;-;Lohbarbek, Mühlenbarbek;-;36;-
PR3_STE_414;Steinburg;-;Lohbarbek, Winseldorf;-;25,5;-
PR3_STE_415;Steinburg;-;Breitenburg, Kronsmoor;-;23,8;-
PR3_STE_502;Steinburg;-;Wrist;-;23,2;-
PR3_STE_503;Steinburg;-;Horst (Holstein);-;18,6;-
PR3_STO_001;Stormarn;-;Mönkhagen, Stockelsdorf;-;92,8;-
PR3_STO_002;Stormarn;Stormarn;Badendorf, Heilshoop, Zarpen;Heilshoop;89;17,4
PR3_STO_003;Stormarn;Stormarn;Feldhorst, Rehhorst;Feldhorst, Rehhorst;118,8;42
PR3_STO_004;Stormarn;Stormarn;Travenbrück;Travenbrück;50,2;50,2
PR3_STO_007;Stormarn;-;Barnitz, Klein Wesenberg, Westerau;-;119,8;-
PR3_STO_008;Stormarn;-;Hammoor;-;88,9;-
PR3_STO_009;Stormarn;-;Steinburg;-;33,4;-
PR3_STO_010;Stormarn;-;Ahrensburg, Delingsdorf, Hammoor;-;137,1;-
PR3_STO_301;Stormarn;-;Heilshoop, Mönkhagen, Rehhorst;-;68,2;-
PR3_STO_302;Stormarn;-;Rehhorst, Zarpen;-;97,3;-
PR3_STO_303;Stormarn;-;Bad Oldesloe, Feldhorst, Wakendorf I;-;43,7;-
PR3_STO_304;Stormarn;Stormarn;Bad Oldesloe, Feldhorst;Bad Oldesloe, Feldhorst;37,1;27,4
PR3_STO_305;Stormarn;-;Bad Oldesloe;-;45,9;-
PR3_STO_306;Stormarn;-;Bargteheide;-;34,5;-
PR3_STO_307;Stormarn;-;Tangstedt;-;42,3;-
PR3_STO_308;Stormarn;-;Braak, Siek;-;39,6;-
PR3_STO_309;Stormarn;-;Brunsbek, Siek;-;63,8;-
PR3_STO_310;Stormarn;-;Großensee;-;17,6;-
PR3_STO_311;Stormarn;-;Rausdorf, Witzhave;-;75,4;-
PR3_STO_401;Stormarn;-;Tangstedt;-;35,9;-
PR3_STO_402;Stormarn;-;Hoisdorf;-;17,4;-
PR3_STO_501;Stormarn;-;Mönkhagen;-;39,1;-
PR3_STO_502;Stormarn;-;Westerau;-;20,5;-
PR3_STO_503;Stormarn;-;Braak, Siek;-;47,1;-
PR3_STO_601;Stormarn;-;Bad Oldesloe;-;24;-
